transaction UUID,Driver UUID,Trip UUID,Description,vs reporting,Paid to you,Paid to you : Your earnings,Paid to you : Trip balance : Payouts : Cash collected,Paid to you : Your earnings : Fare,Paid to you : Your earnings : Taxes,Paid to you:Your earnings:Fare:Fare,Paid to you:Trip balance:Refunds:Toll,Paid to you:Your earnings:Tip,Paid to you:Your earnings:Taxes:Income tax withholding,Paid to you:Your earnings:Fare:Booking fee,Paid to you:Your earnings:Fare:UberX Priority,Paid to you:Your earnings:Fare:Max Fare Adjustment,Paid to you:Your earnings:Fare:Wait Time at Pick-up,Paid to you:Your earnings:Fare:Package Fare,Paid to you:Your earnings:Fare:Additional time charges,Paid to you:Your earnings:Fare:Adjustment,Paid to you:Your earnings:Fare:Surge,Paid to you:Your earnings:Fare:Cancellation,Paid to you:Your earnings:Fare:Additional cancellation fee for extended wait time,Paid to you:Your earnings:Fare:Reservation Fee
5605e092-1935-3fd5-b866-7c04d69b83ba,100b888d-c025-49b3-814d-eb21f147c87c,18b4109a-7c54-493a-a34d-f4bd9d90c903,trip completed order,2024-08-01 15:57:50.582 +0530 IST,180.99,180.99,0,180.99,0,180.99,0,0,0,0,0,0,0,0,0,0,0,0,0,0
43fae3fe-61d7-3df5-8a0b-ac57526a9b68,100b888d-c025-49b3-814d-eb21f147c87c,18b4109a-7c54-493a-a34d-f4bd9d90c903,trip fare adjust order,2024-08-01 15:57:52.498 +0530 IST,-1.81,-1.81,0,0,0,0,0,0,-1.81,0,0,0,0,0,0,0,0,0,0,0
f9e6728c-608e-3f24-81d6-1eab0fac5060,100b888d-c025-49b3-814d-eb21f147c87c,31d425de-d5c0-47f9-910f-591fd667dcda,trip completed order,2024-08-01 16:16:49.894 +0530 IST,-47.17,108.83,-156,108.83,0,108.83,0,0,0,0,0,0,0,0,0,0,0,0,0,0
6c267932-6219-341c-93d6-e6676b82f2c5,100b888d-c025-49b3-814d-eb21f147c87c,31d425de-d5c0-47f9-910f-591fd667dcda,trip fare adjust order,2024-08-01 16:16:51.466 +0530 IST,-1.09,-1.09,0,0,0,0,0,0,-1.09,0,0,0,0,0,0,0,0,0,0,0
4dd0c649-7087-34b8-82ec-e7c39f5e7d55,100b888d-c025-49b3-814d-eb21f147c87c,ae599d9a-53ae-4ceb-a9fe-9d057c7e63c8,trip completed order,2024-08-01 16:45:44.601 +0530 IST,158.59,158.59,0,158.59,0,158.59,0,0,0,0,0,0,0,0,0,0,0,0,0,0
abe93863-8c05-3b09-a96b-00cc6ed95aee,100b888d-c025-49b3-814d-eb21f147c87c,ae599d9a-53ae-4ceb-a9fe-9d057c7e63c8,trip fare adjust order,2024-08-01 16:45:46.486 +0530 IST,-1.59,-1.59,0,0,0,0,0,0,-1.59,0,0,0,0,0,0,0,0,0,0,0
c91f53f3-3d42-3afe-8514-ac69018b609b,100b888d-c025-49b3-814d-eb21f147c87c,bcb79755-2266-4145-8261-6ad63c78a73c,trip completed order,2024-08-01 17:13:43.916 +0530 IST,150.47,150.47,0,150.47,0,150.47,0,0,0,0,0,0,0,0,0,0,0,0,0,0
31e4fb5f-e48a-3d27-861b-34ad75c77125,100b888d-c025-49b3-814d-eb21f147c87c,bcb79755-2266-4145-8261-6ad63c78a73c,trip fare adjust order,2024-08-01 17:13:45.81 +0530 IST,-1.5,-1.5,0,0,0,0,0,0,-1.5,0,0,0,0,0,0,0,0,0,0,0
0e94ac20-5a64-3403-9bd0-870788baba55,100b888d-c025-49b3-814d-eb21f147c87c,5c457a2f-0b11-4679-973f-018b9840b747,trip completed order,2024-08-01 17:57:31.121 +0530 IST,435.29,390.28,0,390.28,0,390.28,45.01,0,0,0,0,0,0,0,0,0,0,0,0,0
0f0b4e20-5d0b-388b-a884-25c3d7412102,100b888d-c025-49b3-814d-eb21f147c87c,5c457a2f-0b11-4679-973f-018b9840b747,trip fare adjust order,2024-08-01 17:57:33.073 +0530 IST,-4.35,-4.35,0,0,0,0,0,0,-4.35,0,0,0,0,0,0,0,0,0,0,0
8429cb67-554c-3861-8e9f-350a49dd706f,54bad470-c12e-45c5-8910-9559f03ea34b,47b93ae0-1eca-4cdf-a46b-93ee12abb32e,trip completed order,2024-08-01 18:51:30.449 +0530 IST,79.68,403.68,-524,403.68,0,403.68,200,0,0,0,0,0,0,0,0,0,0,0,0,0
4dc618cf-b89b-3469-8bc0-fc2f07a6ca7f,54bad470-c12e-45c5-8910-9559f03ea34b,47b93ae0-1eca-4cdf-a46b-93ee12abb32e,trip fare adjust order,2024-08-01 18:51:32.15 +0530 IST,-6.04,-6.04,0,0,0,0,0,0,-6.04,0,0,0,0,0,0,0,0,0,0,0
5b97af0a-30a3-3b66-ad77-f100b8d5066f,100b888d-c025-49b3-814d-eb21f147c87c,bf9eb518-c2c5-4df7-87e0-073d95df8633,trip completed order,2024-08-01 19:21:34.953 +0530 IST,-140.59,399.41,-540,399.41,0,399.41,0,0,0,0,0,0,0,0,0,0,0,0,0,0
6d3c94e9-f8fb-3e9f-874b-ce2d568bee7b,100b888d-c025-49b3-814d-eb21f147c87c,bf9eb518-c2c5-4df7-87e0-073d95df8633,trip fare adjust order,2024-08-01 19:21:36.639 +0530 IST,-3.99,-3.99,0,0,0,0,0,0,-3.99,0,0,0,0,0,0,0,0,0,0,0
4b92abb3-740e-3492-8b51-7c448e285856,ecd990ea-f209-4d3b-aa30-2774860ed903,4ebe5591-7c49-44f3-a0e0-ebd1e3c97b53,trip completed order,2024-08-01 19:26:38.955 +0530 IST,-112.65,335.35,-448,335.35,0,325.02,0,0,0,0,0,0,10.33,0,0,0,0,0,0,0
c552d86e-d4bc-34b2-8097-98ef48725f7d,ecd990ea-f209-4d3b-aa30-2774860ed903,4ebe5591-7c49-44f3-a0e0-ebd1e3c97b53,trip fare adjust order,2024-08-01 19:26:41.01 +0530 IST,-3.35,-3.35,0,0,0,0,0,0,-3.35,0,0,0,0,0,0,0,0,0,0,0
0356a8f3-4da5-3d82-aa2c-f29794d9e9e6,47234e95-0d39-458e-bd76-616a05603baf,50ef940d-89e4-46d8-b798-54032312141d,trip completed order,2024-08-01 20:18:22.078 +0530 IST,64.4,279.4,-215,279.4,0,246.06,0,0,0,0,33.34,0,0,0,0,0,0,0,0,0
12850654-d07c-376b-897d-616dc4cd57fc,47234e95-0d39-458e-bd76-616a05603baf,50ef940d-89e4-46d8-b798-54032312141d,trip fare adjust order,2024-08-01 20:18:24.134 +0530 IST,-2.79,-2.79,0,0,0,0,0,0,-2.79,0,0,0,0,0,0,0,0,0,0,0
dab12bc8-86aa-331a-9910-f725f0d63450,ecd990ea-f209-4d3b-aa30-2774860ed903,63acb61f-2381-4112-8728-33b1f6f2e369,trip completed order,2024-08-01 20:48:06.406 +0530 IST,441.4,396.41,0,396.41,0,396.41,44.99,0,0,0,0,0,0,0,0,0,0,0,0,0
1630a8e5-1e79-3926-ae8c-1394663ff500,ecd990ea-f209-4d3b-aa30-2774860ed903,63acb61f-2381-4112-8728-33b1f6f2e369,trip fare adjust order,2024-08-01 20:48:08.284 +0530 IST,-4.41,-4.41,0,0,0,0,0,0,-4.41,0,0,0,0,0,0,0,0,0,0,0
8abe858f-8039-3bda-aac7-11335ec1e351,47234e95-0d39-458e-bd76-616a05603baf,17b6e067-549b-49b2-a2e9-3c31bc39a087,trip completed order,2024-08-01 20:57:47.953 +0530 IST,33.8,33.8,0,33.8,0,0,0,0,0,0,0,0,0,0,0,0,0,33.8,0,0
25196779-e197-3baf-899f-ef333cb2d1f5,47234e95-0d39-458e-bd76-616a05603baf,17b6e067-549b-49b2-a2e9-3c31bc39a087,trip fare adjust order,2024-08-01 20:57:49.461 +0530 IST,-0.34,-0.34,0,0,0,0,0,0,-0.34,0,0,0,0,0,0,0,0,0,0,0
3689423e-e678-38e5-b52f-aa851bf50d6c,100b888d-c025-49b3-814d-eb21f147c87c,cea2aaa1-dcff-448b-a60c-cf58c926bc13,trip completed order,2024-08-01 21:00:59.178 +0530 IST,351.21,351.21,0,351.21,0,350.93,0,0,0,0,0,0,0.28,0,0,0,0,0,0,0
2dfd2a83-929d-3569-8cbc-e50fe9350f34,100b888d-c025-49b3-814d-eb21f147c87c,cea2aaa1-dcff-448b-a60c-cf58c926bc13,trip fare adjust order,2024-08-01 21:01:00.963 +0530 IST,-3.51,-3.51,0,0,0,0,0,0,-3.51,0,0,0,0,0,0,0,0,0,0,0
5b288a1c-baa1-3693-8506-5b6918154bdd,54bad470-c12e-45c5-8910-9559f03ea34b,5088117e-53fa-4348-b2df-8f90e710ad9a,trip completed order,2024-08-01 21:02:58.21 +0530 IST,-34.07,374.92,-454,374.92,0,374.92,45.01,0,0,0,0,0,0,0,0,0,0,0,0,0
cc7b8a54-86eb-3bed-8a00-3d3fc31ceb5d,54bad470-c12e-45c5-8910-9559f03ea34b,5088117e-53fa-4348-b2df-8f90e710ad9a,trip fare adjust order,2024-08-01 21:03:00.064 +0530 IST,-4.2,-4.2,0,0,0,0,0,0,-4.2,0,0,0,0,0,0,0,0,0,0,0
b790adaa-b99c-34c1-a303-1279d859c1c5,ecd990ea-f209-4d3b-aa30-2774860ed903,96622da8-92d3-44ff-8b50-ab2ed60913b8,trip completed order,2024-08-01 22:53:16.947 +0530 IST,-139,503.99,-688,503.99,0,461.96,45.01,0,0,19.04,0,0,22.99,0,0,0,0,0,0,0
184970d6-25d3-3451-8abc-61876dc635c4,ecd990ea-f209-4d3b-aa30-2774860ed903,96622da8-92d3-44ff-8b50-ab2ed60913b8,trip fare adjust order,2024-08-01 22:53:18.676 +0530 IST,-5.49,-5.49,0,0,0,0,0,0,-5.49,0,0,0,0,0,0,0,0,0,0,0
39b26de7-d9cf-371f-86da-869ebe717ed2,54bad470-c12e-45c5-8910-9559f03ea34b,be0ab5f1-fee8-4430-9b90-6af67514184a,trip completed order,2024-08-01 23:03:28.306 +0530 IST,-73.91,457.08,-576,457.08,0,457.08,45.01,0,0,0,0,0,0,0,0,0,0,0,0,0
50a8cacd-1d4b-395f-bc84-2665ec8b7c5c,54bad470-c12e-45c5-8910-9559f03ea34b,be0ab5f1-fee8-4430-9b90-6af67514184a,trip fare adjust order,2024-08-01 23:03:30.005 +0530 IST,-5.02,-5.02,0,0,0,0,0,0,-5.02,0,0,0,0,0,0,0,0,0,0,0
d401f8b9-f358-3f0d-8dbd-cacf16d6c80b,100b888d-c025-49b3-814d-eb21f147c87c,8eb734e3-7ee7-4492-afc5-eed8331af5c0,trip completed order,2024-08-01 23:33:32.138 +0530 IST,284.98,284.98,0,284.98,0,284.98,0,0,0,0,0,0,0,0,0,0,0,0,0,0
ed33de1d-d635-32fc-9be5-9f512f800480,100b888d-c025-49b3-814d-eb21f147c87c,8eb734e3-7ee7-4492-afc5-eed8331af5c0,trip fare adjust order,2024-08-01 23:33:33.914 +0530 IST,-2.85,-2.85,0,0,0,0,0,0,-2.85,0,0,0,0,0,0,0,0,0,0,0
6bc13eb2-98cc-3c0b-a4b2-1a37f67f1c6d,ecd990ea-f209-4d3b-aa30-2774860ed903,e7b3a319-56bc-41ee-97cc-6072c01fc6bd,trip completed order,2024-08-01 23:54:35.492 +0530 IST,194.11,194.11,0,194.11,0,146.54,0,0,0,0,0,0,47.57,0,0,0,0,0,0,0
79aa99ec-def3-3667-92cf-1b6031e849f3,ecd990ea-f209-4d3b-aa30-2774860ed903,e7b3a319-56bc-41ee-97cc-6072c01fc6bd,trip fare adjust order,2024-08-01 23:54:37.6 +0530 IST,-1.94,-1.94,0,0,0,0,0,0,-1.94,0,0,0,0,0,0,0,0,0,0,0
c9a5220a-dc4a-3eff-99f7-26f4a7deb6a5,100b888d-c025-49b3-814d-eb21f147c87c,2888913b-8677-4d54-b760-c1371adc0de4,trip completed order,2024-08-02 00:04:03.306 +0530 IST,172.26,172.26,0,172.26,0,252.38,0,0,0,0,0,-80.12,0,0,0,0,0,0,0,0
fd0efb04-551d-395f-ba94-6462a26bd075,100b888d-c025-49b3-814d-eb21f147c87c,2888913b-8677-4d54-b760-c1371adc0de4,trip fare adjust order,2024-08-02 00:04:05.35 +0530 IST,-1.72,-1.72,0,0,0,0,0,0,-1.72,0,0,0,0,0,0,0,0,0,0,0
86950dad-0cb7-36f5-8acc-be767f6afe2f,54bad470-c12e-45c5-8910-9559f03ea34b,db2f2bb4-4935-48fc-be73-7e1189551812,trip completed order,2024-08-02 00:56:36.872 +0530 IST,508.22,463.21,0,463.21,0,463.21,45.01,0,0,0,0,0,0,0,0,0,0,0,0,0
5254c872-2e61-3c4a-8c39-a47a438d11bd,54bad470-c12e-45c5-8910-9559f03ea34b,db2f2bb4-4935-48fc-be73-7e1189551812,trip fare adjust order,2024-08-02 00:56:38.747 +0530 IST,-5.08,-5.08,0,0,0,0,0,0,-5.08,0,0,0,0,0,0,0,0,0,0,0
aeff7239-bd16-3a84-8890-34d45c6600ba,100b888d-c025-49b3-814d-eb21f147c87c,34e70711-2456-4fdd-9306-3e601644656b,trip completed order,2024-08-02 01:24:06.625 +0530 IST,-97.6,274.4,-372,274.4,0,274.4,0,0,0,0,0,0,0,0,0,0,0,0,0,0
2a23fd27-1946-3db9-b4b0-7420ad78372b,100b888d-c025-49b3-814d-eb21f147c87c,34e70711-2456-4fdd-9306-3e601644656b,trip fare adjust order,2024-08-02 01:24:08.326 +0530 IST,-2.74,-2.74,0,0,0,0,0,0,-2.74,0,0,0,0,0,0,0,0,0,0,0
2462e1db-623a-3499-b162-c99817c84b0a,100b888d-c025-49b3-814d-eb21f147c87c,c7cd0858-caac-4278-a820-21480098bf49,trip completed order,2024-08-02 02:00:18.675 +0530 IST,134.1,134.1,0,134.1,0,134.1,0,0,0,0,0,0,0,0,0,0,0,0,0,0
7b103111-6954-3d58-985d-b7ab4e405f70,100b888d-c025-49b3-814d-eb21f147c87c,c7cd0858-caac-4278-a820-21480098bf49,trip fare adjust order,2024-08-02 02:00:20.652 +0530 IST,-1.34,-1.34,0,0,0,0,0,0,-1.34,0,0,0,0,0,0,0,0,0,0,0
b9ae83aa-3863-349b-8235-74973c63c449,ecd990ea-f209-4d3b-aa30-2774860ed903,ccf9fcbb-5466-4203-aa21-2431fe159660,trip completed order,2024-08-02 13:50:19.684 +0530 IST,142.86,142.86,0,142.86,0,133.34,0,0,0,9.52,0,0,0,0,0,0,0,0,0,0
36f1416c-171e-348c-b2b1-032153e31597,ecd990ea-f209-4d3b-aa30-2774860ed903,ccf9fcbb-5466-4203-aa21-2431fe159660,trip fare adjust order,2024-08-02 13:50:21.67 +0530 IST,-1.43,-1.43,0,0,0,0,0,0,-1.43,0,0,0,0,0,0,0,0,0,0,0
90ba7a14-ee97-3787-83bb-6d0acce29218,100b888d-c025-49b3-814d-eb21f147c87c,1903c6b8-845a-4a76-bd36-6b150e34771e,trip completed order,2024-08-02 14:37:47.322 +0530 IST,708.64,508.66,0,508.66,0,504.61,199.98,0,0,0,0,0,4.05,0,0,0,0,0,0,0
3c77e9be-3aae-3c09-aacd-a38d19ec1270,100b888d-c025-49b3-814d-eb21f147c87c,1903c6b8-845a-4a76-bd36-6b150e34771e,trip fare adjust order,2024-08-02 14:37:49.984 +0530 IST,-7.09,-7.09,0,0,0,0,0,0,-7.09,0,0,0,0,0,0,0,0,0,0,0
9dd050b7-b8fb-372f-acc2-198dd1c0d04e,100b888d-c025-49b3-814d-eb21f147c87c,8a5f27c0-c418-42b5-8055-29bec43f74ca,trip completed order,2024-08-02 14:57:09.965 +0530 IST,15.04,15.04,0,15.04,0,0,0,0,0,0,0,0,0,0,0,0,0,15.04,0,0
5e4c1f09-48c4-3929-8c42-f63817aba736,100b888d-c025-49b3-814d-eb21f147c87c,8a5f27c0-c418-42b5-8055-29bec43f74ca,trip fare adjust order,2024-08-02 14:57:11.596 +0530 IST,-0.15,-0.15,0,0,0,0,0,0,-0.15,0,0,0,0,0,0,0,0,0,0,0
bc7b476f-58da-325d-a4c7-f9872bdb3145,ecd990ea-f209-4d3b-aa30-2774860ed903,002d454e-2705-4c26-92d0-7c04630e729e,trip completed order,2024-08-02 15:11:13.857 +0530 IST,-41.36,310.64,-552,310.64,0,310.64,200,0,0,0,0,0,0,0,0,0,0,0,0,0
88097b61-fdda-35d7-bdb4-e5e9a82ef471,ecd990ea-f209-4d3b-aa30-2774860ed903,002d454e-2705-4c26-92d0-7c04630e729e,trip fare adjust order,2024-08-02 15:11:15.582 +0530 IST,-5.11,-5.11,0,0,0,0,0,0,-5.11,0,0,0,0,0,0,0,0,0,0,0
f19b5536-1e8e-3208-a005-49e7c7436234,100b888d-c025-49b3-814d-eb21f147c87c,2ecc1874-1a2c-46be-bf84-a3b010664d32,trip completed order,2024-08-02 15:39:20.98 +0530 IST,-50.85,123.15,-174,123.15,0,123.15,0,0,0,0,0,0,0,0,0,0,0,0,0,0
ce96bf9d-b8e8-3b62-a47c-371b0a92b57f,100b888d-c025-49b3-814d-eb21f147c87c,2ecc1874-1a2c-46be-bf84-a3b010664d32,trip fare adjust order,2024-08-02 15:39:22.77 +0530 IST,-1.23,-1.23,0,0,0,0,0,0,-1.23,0,0,0,0,0,0,0,0,0,0,0
08983ec8-3241-3355-ac90-ead3c93ce574,ecd990ea-f209-4d3b-aa30-2774860ed903,42cfb549-aa2c-4f7e-bb47-30b7e8868a3b,trip completed order,2024-08-02 16:18:56.684 +0530 IST,211.48,211.48,0,211.48,0,211.48,0,0,0,0,0,0,0,0,0,0,0,0,0,0
1ca73e95-ae28-377d-8fa5-1428869821b6,ecd990ea-f209-4d3b-aa30-2774860ed903,42cfb549-aa2c-4f7e-bb47-30b7e8868a3b,trip fare adjust order,2024-08-02 16:18:58.478 +0530 IST,-2.11,-2.11,0,0,0,0,0,0,-2.11,0,0,0,0,0,0,0,0,0,0,0
ea70c77b-4cf6-31ff-b44b-20bfc31205c1,100b888d-c025-49b3-814d-eb21f147c87c,d31b1c54-e646-4d3b-9a08-96c227c1f56c,trip completed order,2024-08-02 16:22:36.628 +0530 IST,179.11,179.11,0,179.11,0,179.11,0,0,0,0,0,0,0,0,0,0,0,0,0,0
8720317e-5d74-30fc-bf48-318ffdb0b3fc,100b888d-c025-49b3-814d-eb21f147c87c,d31b1c54-e646-4d3b-9a08-96c227c1f56c,trip fare adjust order,2024-08-02 16:22:38.552 +0530 IST,-1.79,-1.79,0,0,0,0,0,0,-1.79,0,0,0,0,0,0,0,0,0,0,0
6f020a1b-e553-3e24-a255-f43091ac0835,ecd990ea-f209-4d3b-aa30-2774860ed903,530a443a-894c-4809-8284-bcad0bbba0ef,trip completed order,2024-08-02 17:15:23.15 +0530 IST,-63.12,174.88,-238,174.88,0,174.88,0,0,0,0,0,0,0,0,0,0,0,0,0,0
d87492fa-c59e-3f9b-9111-789a1441ae1e,ecd990ea-f209-4d3b-aa30-2774860ed903,530a443a-894c-4809-8284-bcad0bbba0ef,trip fare adjust order,2024-08-02 17:15:24.946 +0530 IST,-1.75,-1.75,0,0,0,0,0,0,-1.75,0,0,0,0,0,0,0,0,0,0,0
7b15e12a-fbd6-36da-8f28-8938bff8842f,100b888d-c025-49b3-814d-eb21f147c87c,0abcfdde-d2a4-495a-ba5a-9015f8714ccf,trip completed order,2024-08-02 17:30:56.757 +0530 IST,267.6,267.6,0,267.6,0,436.61,0,0,0,0,0,-169.01,0,0,0,0,0,0,0,0
89d9ee72-f018-37be-a920-81ce55ac23b5,100b888d-c025-49b3-814d-eb21f147c87c,0abcfdde-d2a4-495a-ba5a-9015f8714ccf,trip fare adjust order,2024-08-02 17:30:58.642 +0530 IST,-2.68,-2.68,0,0,0,0,0,0,-2.68,0,0,0,0,0,0,0,0,0,0,0
fb25fb62-37ac-32b3-ae5e-944ffc99cd6c,100b888d-c025-49b3-814d-eb21f147c87c,75396591-5b44-47e8-b4ac-f542f61ce41e,trip completed order,2024-08-02 17:41:42.877 +0530 IST,95.24,95.24,0,95.24,0,95.24,0,0,0,0,0,0,0,0,0,0,0,0,0,0
35115f09-8e9b-39d6-8563-564a133c1ec9,100b888d-c025-49b3-814d-eb21f147c87c,75396591-5b44-47e8-b4ac-f542f61ce41e,trip fare adjust order,2024-08-02 17:41:44.466 +0530 IST,-0.95,-0.95,0,0,0,0,0,0,-0.95,0,0,0,0,0,0,0,0,0,0,0
5c4cd4be-cecb-3158-a11a-ddf1d602bb75,54bad470-c12e-45c5-8910-9559f03ea34b,5feba88b-9e0d-4e93-b13d-2b0fbf2ea89a,trip completed order,2024-08-02 17:59:32.074 +0530 IST,-198.05,634.95,-1033,634.95,0,634.95,200,0,0,0,0,0,0,0,0,0,0,0,0,0
722730a7-52de-3453-a635-1323cce46c3b,54bad470-c12e-45c5-8910-9559f03ea34b,5feba88b-9e0d-4e93-b13d-2b0fbf2ea89a,trip fare adjust order,2024-08-02 17:59:33.731 +0530 IST,-8.35,-8.35,0,0,0,0,0,0,-8.35,0,0,0,0,0,0,0,0,0,0,0
ba454a95-e11c-393b-9906-cac458c650bd,100b888d-c025-49b3-814d-eb21f147c87c,969a0adf-80f5-424f-9b3a-51b1c941c375,trip completed order,2024-08-02 18:27:28.586 +0530 IST,-92.31,276.95,-369.26,276.95,0,369.01,0,0,0,0,0,-92.06,0,0,0,0,0,0,0,0
1c52c4f8-6cab-3552-9e85-2262a8d2eb6f,100b888d-c025-49b3-814d-eb21f147c87c,969a0adf-80f5-424f-9b3a-51b1c941c375,trip fare adjust order,2024-08-02 18:27:30.362 +0530 IST,-2.77,-2.77,0,0,0,0,0,0,-2.77,0,0,0,0,0,0,0,0,0,0,0
5cbac782-cbde-3761-b34c-15d2b3e654b1,ecd990ea-f209-4d3b-aa30-2774860ed903,aefb10d9-fd80-4293-8922-13462c480893,trip completed order,2024-08-02 19:20:58.637 +0530 IST,-131.56,426.73,-558.29,426.73,0,638.65,0,0,0,0,0,-211.92,0,0,0,0,0,0,0,0
1dc0620a-2248-32cf-bd28-e20e466c5bee,ecd990ea-f209-4d3b-aa30-2774860ed903,aefb10d9-fd80-4293-8922-13462c480893,trip fare adjust order,2024-08-02 19:21:00.37 +0530 IST,-4.27,-4.27,0,0,0,0,0,0,-4.27,0,0,0,0,0,0,0,0,0,0,0
ca99f565-ae5e-3139-9c94-d3fcbf2d4e83,100b888d-c025-49b3-814d-eb21f147c87c,138990f5-9a92-44ef-9e80-da0cb0083d37,trip completed order,2024-08-02 19:55:41.784 +0530 IST,403.95,403.95,0,403.95,0,631.47,0,0,0,0,0,-227.52,0,0,0,0,0,0,0,0
1c2751c4-edbe-36fe-8608-e3d1ae144be9,100b888d-c025-49b3-814d-eb21f147c87c,138990f5-9a92-44ef-9e80-da0cb0083d37,trip fare adjust order,2024-08-02 19:55:44.653 +0530 IST,-4.04,-4.04,0,0,0,0,0,0,-4.04,0,0,0,0,0,0,0,0,0,0,0
1f0c9362-d458-3c69-a285-d21c27dcbc53,54bad470-c12e-45c5-8910-9559f03ea34b,50476d05-348b-45b8-ad2a-f3cef60fdb83,trip completed order,2024-08-02 20:06:27.219 +0530 IST,-102.89,292.1,-440,292.1,0,277.49,45.01,0,0,0,0,0,14.61,0,0,0,0,0,0,0
76350873-4099-36e4-a928-67caf0b98d75,54bad470-c12e-45c5-8910-9559f03ea34b,50476d05-348b-45b8-ad2a-f3cef60fdb83,trip fare adjust order,2024-08-02 20:06:28.853 +0530 IST,-3.37,-3.37,0,0,0,0,0,0,-3.37,0,0,0,0,0,0,0,0,0,0,0
a9f258a2-bdb3-30eb-8f49-029237e939dd,ecd990ea-f209-4d3b-aa30-2774860ed903,41f63baf-e759-447f-a2fa-d7b3b84db22a,trip completed order,2024-08-02 21:10:06.68 +0530 IST,476.68,476.68,0,476.68,0,462.4,0,0,0,14.28,0,0,0,0,0,0,0,0,0,0
aed81f43-28ec-3615-a71d-1b05860c9131,ecd990ea-f209-4d3b-aa30-2774860ed903,41f63baf-e759-447f-a2fa-d7b3b84db22a,trip fare adjust order,2024-08-02 21:10:08.554 +0530 IST,-4.77,-4.77,0,0,0,0,0,0,-4.77,0,0,0,0,0,0,0,0,0,0,0
17fafdb1-80ec-325e-933e-9b6bb887770b,100b888d-c025-49b3-814d-eb21f147c87c,4b81795d-0ccf-48d7-aa2f-fe98b3874962,trip completed order,2024-08-02 21:22:07.759 +0530 IST,578.24,533.25,0,533.25,0,533.25,44.99,0,0,0,0,0,0,0,0,0,0,0,0,0
8bda6801-509b-331b-9000-45005b7e2288,100b888d-c025-49b3-814d-eb21f147c87c,4b81795d-0ccf-48d7-aa2f-fe98b3874962,trip fare adjust order,2024-08-02 21:22:09.524 +0530 IST,-5.78,-5.78,0,0,0,0,0,0,-5.78,0,0,0,0,0,0,0,0,0,0,0
e1b8b098-1e23-3d0f-ad77-c5500c0a61b2,100b888d-c025-49b3-814d-eb21f147c87c,8488f30c-603c-49e8-875d-25c990b1e71d,trip completed order,2024-08-02 22:36:59.069 +0530 IST,17.19,114.19,-97,114.19,0,114.19,0,0,0,0,0,0,0,0,0,0,0,0,0,0
9781a128-97a0-3a74-9230-14ff8476363d,100b888d-c025-49b3-814d-eb21f147c87c,8488f30c-603c-49e8-875d-25c990b1e71d,trip fare adjust order,2024-08-02 22:37:00.74 +0530 IST,-1.14,-1.14,0,0,0,0,0,0,-1.14,0,0,0,0,0,0,0,0,0,0,0
f27d47c7-13fe-3179-994e-09d036e00132,ecd990ea-f209-4d3b-aa30-2774860ed903,a4245ec7-5656-43ab-aaba-8163a62cd26b,trip completed order,2024-08-02 22:58:15.866 +0530 IST,302.6,302.6,0,302.6,0,271.31,0,0,0,0,0,0,31.29,0,0,0,0,0,0,0
0bfb93ac-ba96-35ba-a391-4bf84ae35f47,ecd990ea-f209-4d3b-aa30-2774860ed903,a4245ec7-5656-43ab-aaba-8163a62cd26b,trip fare adjust order,2024-08-02 22:58:17.962 +0530 IST,-3.03,-3.03,0,0,0,0,0,0,-3.03,0,0,0,0,0,0,0,0,0,0,0
77706d63-c2d0-3832-ae78-2d5893454834,100b888d-c025-49b3-814d-eb21f147c87c,b73b1afa-a35a-4bb7-842d-0df9c614b016,trip completed order,2024-08-02 23:37:00.33 +0530 IST,-62.36,178.64,-241,178.64,0,178.64,0,0,0,0,0,0,0,0,0,0,0,0,0,0
251c2182-d354-3845-b5f5-a61e04422c1c,100b888d-c025-49b3-814d-eb21f147c87c,b73b1afa-a35a-4bb7-842d-0df9c614b016,trip fare adjust order,2024-08-02 23:37:02.05 +0530 IST,-1.79,-1.79,0,0,0,0,0,0,-1.79,0,0,0,0,0,0,0,0,0,0,0
a6ebc268-a2bc-32e5-b5d3-559c189db5fe,54bad470-c12e-45c5-8910-9559f03ea34b,127943fa-a9ce-4899-b2db-b6d93813064d,trip completed order,2024-08-02 23:54:16.375 +0530 IST,650.39,650.39,0,650.39,0,459.91,0,0,0,0,0,0,0,0,0,0,0,0,0,190.48
7ca02873-8237-3372-9068-ae221f8dd643,54bad470-c12e-45c5-8910-9559f03ea34b,127943fa-a9ce-4899-b2db-b6d93813064d,trip fare adjust order,2024-08-02 23:54:18.841 +0530 IST,-6.5,-6.5,0,0,0,0,0,0,-6.5,0,0,0,0,0,0,0,0,0,0,0
79d46430-67d0-3fb1-b5e0-47ad84e5d918,ecd990ea-f209-4d3b-aa30-2774860ed903,ba2acfca-4818-4f84-a832-1c2ce981e63e,trip completed order,2024-08-03 01:06:08.329 +0530 IST,540.35,450.35,0,450.35,0,450.35,90,0,0,0,0,0,0,0,0,0,0,0,0,0
021193ef-b549-33ba-b083-ade1fac58bef,ecd990ea-f209-4d3b-aa30-2774860ed903,ba2acfca-4818-4f84-a832-1c2ce981e63e,trip fare adjust order,2024-08-03 01:06:10.242 +0530 IST,-5.4,-5.4,0,0,0,0,0,0,-5.4,0,0,0,0,0,0,0,0,0,0,0
69051049-2c24-3018-a005-8189f230ea41,54bad470-c12e-45c5-8910-9559f03ea34b,58cf1f9d-acb3-4346-a041-3719a8309706,trip completed order,2024-08-03 01:44:10.12 +0530 IST,-62,381.99,-489,381.99,0,381.99,45.01,0,0,0,0,0,0,0,0,0,0,0,0,0
f4048dbc-b903-3a23-80cc-ec7b2849d60d,54bad470-c12e-45c5-8910-9559f03ea34b,58cf1f9d-acb3-4346-a041-3719a8309706,trip fare adjust order,2024-08-03 01:44:11.833 +0530 IST,-4.27,-4.27,0,0,0,0,0,0,-4.27,0,0,0,0,0,0,0,0,0,0,0
b970308e-0b92-39b8-af40-577bb9a3251f,ecd990ea-f209-4d3b-aa30-2774860ed903,64465d0e-e611-4120-9882-8e679a79b898,trip completed order,2024-08-03 02:02:41.875 +0530 IST,77.31,439.3,-407,439.3,0,439.3,45.01,0,0,0,0,0,0,0,0,0,0,0,0,0
f93376fe-7abe-317b-a6bc-7a42ba9e1f2a,ecd990ea-f209-4d3b-aa30-2774860ed903,64465d0e-e611-4120-9882-8e679a79b898,trip fare adjust order,2024-08-03 02:02:43.643 +0530 IST,-4.84,-4.84,0,0,0,0,0,0,-4.84,0,0,0,0,0,0,0,0,0,0,0
8a2c98df-0200-3f93-8a26-d0207fe44cc4,100b888d-c025-49b3-814d-eb21f147c87c,1b6ee7c9-6c98-4758-9999-feba7bceee1a,trip completed order,2024-08-03 11:55:06.217 +0530 IST,-52.86,146.14,-199,146.14,0,146.14,0,0,0,0,0,0,0,0,0,0,0,0,0,0
cbdee36e-a743-37be-8806-2844808a1bec,100b888d-c025-49b3-814d-eb21f147c87c,1b6ee7c9-6c98-4758-9999-feba7bceee1a,trip fare adjust order,2024-08-03 11:55:07.919 +0530 IST,-1.46,-1.46,0,0,0,0,0,0,-1.46,0,0,0,0,0,0,0,0,0,0,0
cbf1a445-40cf-3a73-9997-ba824d117a76,100b888d-c025-49b3-814d-eb21f147c87c,016110c9-474a-447a-aba3-a0c273b98caa,trip completed order,2024-08-03 12:51:37.538 +0530 IST,343.8,298.81,0,298.81,0,298.81,44.99,0,0,0,0,0,0,0,0,0,0,0,0,0
d6441d98-7d1a-3377-9f5d-e1166817e097,100b888d-c025-49b3-814d-eb21f147c87c,016110c9-474a-447a-aba3-a0c273b98caa,trip fare adjust order,2024-08-03 12:51:39.774 +0530 IST,-3.44,-3.44,0,0,0,0,0,0,-3.44,0,0,0,0,0,0,0,0,0,0,0
edd42797-5b21-3bd9-8ea7-642eb405979b,54bad470-c12e-45c5-8910-9559f03ea34b,8d24f35a-b339-46b0-9ff9-0af4952b4ed1,trip completed order,2024-08-03 12:59:52.782 +0530 IST,274.63,274.63,0,274.63,0,274.02,0,0,0,0,0,0,0.61,0,0,0,0,0,0,0
1c1a9b68-3acb-370b-9616-f77d1773ad82,54bad470-c12e-45c5-8910-9559f03ea34b,8d24f35a-b339-46b0-9ff9-0af4952b4ed1,trip fare adjust order,2024-08-03 12:59:54.67 +0530 IST,-2.75,-2.75,0,0,0,0,0,0,-2.75,0,0,0,0,0,0,0,0,0,0,0
d9fdfcd4-3b8e-3cf6-b63f-d1c4a0f00bc0,100b888d-c025-49b3-814d-eb21f147c87c,3e45cefa-80f9-43d8-92d5-ea3f6a2c7c36,trip completed order,2024-08-03 13:32:23.249 +0530 IST,-57.49,146.51,-304,146.51,0,146.51,100,0,0,0,0,0,0,0,0,0,0,0,0,0
a0be6be4-4bd9-3237-b509-a64d527571f9,100b888d-c025-49b3-814d-eb21f147c87c,3e45cefa-80f9-43d8-92d5-ea3f6a2c7c36,trip fare adjust order,2024-08-03 13:32:24.946 +0530 IST,-2.47,-2.47,0,0,0,0,0,0,-2.47,0,0,0,0,0,0,0,0,0,0,0
c63774c1-ee53-3b77-b48d-001ae27fd7c9,ecd990ea-f209-4d3b-aa30-2774860ed903,5406e4de-b490-48f9-9a5e-877d0b31279b,trip completed order,2024-08-03 15:50:15.26 +0530 IST,606.21,406.21,0,406.21,0,406.21,200,0,0,0,0,0,0,0,0,0,0,0,0,0
ff260803-92fa-3a08-b3f9-47398c2f42f8,ecd990ea-f209-4d3b-aa30-2774860ed903,5406e4de-b490-48f9-9a5e-877d0b31279b,trip fare adjust order,2024-08-03 15:50:17.165 +0530 IST,-6.06,-6.06,0,0,0,0,0,0,-6.06,0,0,0,0,0,0,0,0,0,0,0
484ca2fc-1182-3957-9243-1e62e92257bf,54bad470-c12e-45c5-8910-9559f03ea34b,354780b1-257c-46ff-aac6-03acf36eff36,trip completed order,2024-08-03 16:29:11.039 +0530 IST,64.07,485.06,-466,485.06,0,485.06,45.01,0,0,0,0,0,0,0,0,0,0,0,0,0
fc5441f1-ca72-3349-a1fb-c19f1d8a548e,54bad470-c12e-45c5-8910-9559f03ea34b,354780b1-257c-46ff-aac6-03acf36eff36,trip fare adjust order,2024-08-03 16:29:12.708 +0530 IST,-5.3,-5.3,0,0,0,0,0,0,-5.3,0,0,0,0,0,0,0,0,0,0,0
fa2b8a09-6371-3be7-ae98-2b4f831aa40b,ecd990ea-f209-4d3b-aa30-2774860ed903,2692a156-ad3f-4a03-9723-989c20b0eecd,trip completed order,2024-08-03 17:26:21.946 +0530 IST,-54.28,338.71,-438,338.71,0,338.71,45.01,0,0,0,0,0,0,0,0,0,0,0,0,0
b0501509-9dfa-3f72-8761-61b22da7f02c,ecd990ea-f209-4d3b-aa30-2774860ed903,2692a156-ad3f-4a03-9723-989c20b0eecd,trip fare adjust order,2024-08-03 17:26:23.68 +0530 IST,-3.84,-3.84,0,0,0,0,0,0,-3.84,0,0,0,0,0,0,0,0,0,0,0
33af4220-5ab4-3321-8ecc-1f2e130e90f2,ecd990ea-f209-4d3b-aa30-2774860ed903,231e9209-a47d-4e1a-b955-1c86265a9b4d,trip completed order,2024-08-03 17:34:52.888 +0530 IST,23.74,23.74,0,23.74,0,0,0,0,0,0,0,0,0,0,0,0,0,23.74,0,0
685d1826-52b4-31a3-987b-71bb794725db,ecd990ea-f209-4d3b-aa30-2774860ed903,231e9209-a47d-4e1a-b955-1c86265a9b4d,trip fare adjust order,2024-08-03 17:34:54.682 +0530 IST,-0.24,-0.24,0,0,0,0,0,0,-0.24,0,0,0,0,0,0,0,0,0,0,0
b34a905f-5ae0-3611-b7ae-c08979c389a3,ecd990ea-f209-4d3b-aa30-2774860ed903,8695977f-fb27-4fce-a560-2983c3945d9d,trip completed order,2024-08-03 18:04:50.998 +0530 IST,-64.77,170.23,-235,170.23,0,170.23,0,0,0,0,0,0,0,0,0,0,0,0,0,0
b71b30f4-5225-3021-8407-0c4ad624f267,ecd990ea-f209-4d3b-aa30-2774860ed903,8695977f-fb27-4fce-a560-2983c3945d9d,trip fare adjust order,2024-08-03 18:04:52.749 +0530 IST,-1.7,-1.7,0,0,0,0,0,0,-1.7,0,0,0,0,0,0,0,0,0,0,0
a31836e2-024c-3c2c-a6a8-0ec30369eb39,ecd990ea-f209-4d3b-aa30-2774860ed903,61d34190-e229-4cc5-a8c7-f92b9a70042a,trip completed order,2024-08-03 20:22:14.673 +0530 IST,15.08,661.08,-646,661.08,0,661.08,0,0,0,0,0,0,0,0,0,0,0,0,0,0
53f7960a-cde2-3df0-8b10-1dfc3fda0486,ecd990ea-f209-4d3b-aa30-2774860ed903,61d34190-e229-4cc5-a8c7-f92b9a70042a,trip fare adjust order,2024-08-03 20:22:16.334 +0530 IST,-6.61,-6.61,0,0,0,0,0,0,-6.61,0,0,0,0,0,0,0,0,0,0,0
33d2745c-9fa1-3868-8046-c3acd4b915a4,54bad470-c12e-45c5-8910-9559f03ea34b,0da89619-fca6-46f3-9ebd-142015d8aefd,trip completed order,2024-08-03 20:32:40.47 +0530 IST,893.99,848.98,0,848.98,0,848.98,45.01,0,0,0,0,0,0,0,0,0,0,0,0,0
d56062a9-886c-3b09-9aa8-59ca32ba254a,54bad470-c12e-45c5-8910-9559f03ea34b,0da89619-fca6-46f3-9ebd-142015d8aefd,trip fare adjust order,2024-08-03 20:32:42.397 +0530 IST,-8.94,-8.94,0,0,0,0,0,0,-8.94,0,0,0,0,0,0,0,0,0,0,0
d4fe197d-c99b-3164-bf40-eafbb3c0425b,ecd990ea-f209-4d3b-aa30-2774860ed903,19ff3485-e1eb-46ad-ae07-d66f8d92b5f1,trip completed order,2024-08-03 20:57:20.251 +0530 IST,-38.14,142.86,-181,142.86,0,133.34,0,0,0,9.52,0,0,0,0,0,0,0,0,0,0
10680348-e4e0-3c86-a77e-cb6282b3adfc,ecd990ea-f209-4d3b-aa30-2774860ed903,19ff3485-e1eb-46ad-ae07-d66f8d92b5f1,trip fare adjust order,2024-08-03 20:57:22.383 +0530 IST,-1.43,-1.43,0,0,0,0,0,0,-1.43,0,0,0,0,0,0,0,0,0,0,0
958ea71f-88de-343a-bb7c-d64a0e25f32c,ecd990ea-f209-4d3b-aa30-2774860ed903,dd688ca6-8cf5-4237-8359-a45d26225777,trip completed order,2024-08-03 21:51:45.092 +0530 IST,255.61,210.6,0,210.6,0,210.6,45.01,0,0,0,0,0,0,0,0,0,0,0,0,0
6d5c48df-4d9d-395d-8d95-5896490ff7ce,ecd990ea-f209-4d3b-aa30-2774860ed903,dd688ca6-8cf5-4237-8359-a45d26225777,trip fare adjust order,2024-08-03 21:51:46.901 +0530 IST,-2.56,-2.56,0,0,0,0,0,0,-2.56,0,0,0,0,0,0,0,0,0,0,0
b52a0bef-b107-3d64-ae01-8a39a25fe08a,100b888d-c025-49b3-814d-eb21f147c87c,1b45574e-9d47-4945-bcdb-9357339c0b95,trip completed order,2024-08-03 23:30:40.189 +0530 IST,-319.99,2220.01,-2740,2220.01,0,0,200,0,0,0,0,0,0,1986.66,233.35,0,0,0,0,0
77f33293-9b08-3003-9af6-5e475f90c563,100b888d-c025-49b3-814d-eb21f147c87c,1b45574e-9d47-4945-bcdb-9357339c0b95,trip fare adjust order,2024-08-03 23:30:41.852 +0530 IST,-24.2,-24.2,0,0,0,0,0,0,-24.2,0,0,0,0,0,0,0,0,0,0,0
861e645f-2c43-38a0-8a8b-78b2f1e16ca8,100b888d-c025-49b3-814d-eb21f147c87c,4529359f-3e35-489e-94a7-c80b4f208e8b,trip completed order,2024-08-04 00:02:18.867 +0530 IST,125.37,125.37,0,125.37,0,125.37,0,0,0,0,0,0,0,0,0,0,0,0,0,0
a8cf9acc-67d4-31f9-9d0b-f9e04b830ab1,100b888d-c025-49b3-814d-eb21f147c87c,4529359f-3e35-489e-94a7-c80b4f208e8b,trip fare adjust order,2024-08-04 00:02:20.731 +0530 IST,-1.25,-1.25,0,0,0,0,0,0,-1.25,0,0,0,0,0,0,0,0,0,0,0
79a90333-77ab-33dc-bc24-ee9ba5690f6e,ecd990ea-f209-4d3b-aa30-2774860ed903,86b0e57c-5ce2-469f-84a5-ec09a4c39daf,trip completed order,2024-08-04 00:17:09.705 +0530 IST,205.28,205.28,0,205.28,0,205.28,0,0,0,0,0,0,0,0,0,0,0,0,0,0
2f369573-7868-3452-a110-8f106900bff0,ecd990ea-f209-4d3b-aa30-2774860ed903,86b0e57c-5ce2-469f-84a5-ec09a4c39daf,trip fare adjust order,2024-08-04 00:17:11.553 +0530 IST,-2.05,-2.05,0,0,0,0,0,0,-2.05,0,0,0,0,0,0,0,0,0,0,0
7af943da-3999-3216-941b-f1b74133e6e2,100b888d-c025-49b3-814d-eb21f147c87c,8ee7a83e-e1e6-4e51-9415-e9870baec827,trip completed order,2024-08-04 00:24:43.228 +0530 IST,121.7,121.7,0,121.7,0,118.41,0,0,0,0,0,0,3.29,0,0,0,0,0,0,0
b6dc5d13-8882-34db-bde8-dd043f8d943f,100b888d-c025-49b3-814d-eb21f147c87c,8ee7a83e-e1e6-4e51-9415-e9870baec827,trip fare adjust order,2024-08-04 00:24:45.158 +0530 IST,-1.22,-1.22,0,0,0,0,0,0,-1.22,0,0,0,0,0,0,0,0,0,0,0
a36f2840-39cc-389f-a489-c6a3b9335929,54bad470-c12e-45c5-8910-9559f03ea34b,6bc3f8dc-8d74-4f5e-9a55-c4b53edd11d6,trip completed order,2024-08-04 00:57:29.42 +0530 IST,243.11,243.11,0,243.11,0,243.11,0,0,0,0,0,0,0,0,0,0,0,0,0,0
e9b611ff-2a05-37d5-a81b-d778e07a0ed6,54bad470-c12e-45c5-8910-9559f03ea34b,6bc3f8dc-8d74-4f5e-9a55-c4b53edd11d6,trip fare adjust order,2024-08-04 00:57:31.194 +0530 IST,-2.43,-2.43,0,0,0,0,0,0,-2.43,0,0,0,0,0,0,0,0,0,0,0
3630e915-ef99-3284-ada3-7c254849ef44,ecd990ea-f209-4d3b-aa30-2774860ed903,87540367-51cb-49f3-8f59-55e2a41b1cb8,trip completed order,2024-08-04 01:02:06.225 +0530 IST,165.21,165.21,0,165.21,0,152.52,0,0,0,0,0,0,12.69,0,0,0,0,0,0,0
eef8fb87-c064-3fa1-8270-991059cfa03b,ecd990ea-f209-4d3b-aa30-2774860ed903,87540367-51cb-49f3-8f59-55e2a41b1cb8,trip fare adjust order,2024-08-04 01:02:08.005 +0530 IST,-1.65,-1.65,0,0,0,0,0,0,-1.65,0,0,0,0,0,0,0,0,0,0,0
e4217977-5e41-3ed7-a9c0-8d58ae9fcdae,100b888d-c025-49b3-814d-eb21f147c87c,0a51bfe8-c0b0-402a-af59-110b697ead3f,trip completed order,2024-08-04 02:02:49.156 +0530 IST,-41.76,95.24,-137,95.24,0,95.24,0,0,0,0,0,0,0,0,0,0,0,0,0,0
6bce470b-979a-3389-9317-d5055db084a2,100b888d-c025-49b3-814d-eb21f147c87c,0a51bfe8-c0b0-402a-af59-110b697ead3f,trip fare adjust order,2024-08-04 02:02:50.79 +0530 IST,-0.95,-0.95,0,0,0,0,0,0,-0.95,0,0,0,0,0,0,0,0,0,0,0
c876ef0e-d69a-33f4-a707-ed56f0f9e2f0,ecd990ea-f209-4d3b-aa30-2774860ed903,a78a04f6-bf31-461d-93b8-b3f8f4861fe9,trip completed order,2024-08-04 02:05:31.502 +0530 IST,-54.5,151.5,-206,151.5,0,151.5,0,0,0,0,0,0,0,0,0,0,0,0,0,0
3383b6ad-ce7e-3b39-b611-9f70f59df130,ecd990ea-f209-4d3b-aa30-2774860ed903,a78a04f6-bf31-461d-93b8-b3f8f4861fe9,trip fare adjust order,2024-08-04 02:05:33.286 +0530 IST,-1.52,-1.52,0,0,0,0,0,0,-1.52,0,0,0,0,0,0,0,0,0,0,0
dfa3b1bd-1d1a-39b4-8525-8ce343b7aa5f,ecd990ea-f209-4d3b-aa30-2774860ed903,2d9c2efe-d28b-471b-8af2-4268ea0cbc88,trip completed order,2024-08-04 02:48:13.488 +0530 IST,-65.38,208.63,-319,208.63,0,207.39,44.99,0,0,0,0,0,1.24,0,0,0,0,0,0,0
838417f0-666c-33f3-a562-3f87583aac92,ecd990ea-f209-4d3b-aa30-2774860ed903,2d9c2efe-d28b-471b-8af2-4268ea0cbc88,trip fare adjust order,2024-08-04 02:48:15.168 +0530 IST,-2.54,-2.54,0,0,0,0,0,0,-2.54,0,0,0,0,0,0,0,0,0,0,0
062cf57a-530d-3a69-ae3a-f9ec42a6f60e,ecd990ea-f209-4d3b-aa30-2774860ed903,4d31f199-aeeb-418a-8e0a-4f9f778362bb,trip completed order,2024-08-04 03:41:23.048 +0530 IST,-27.32,119.68,-147,119.68,0,119.68,0,0,0,0,0,0,0,0,0,0,0,0,0,0
f7768344-8e6e-348c-b20e-edb84f3d2d0b,ecd990ea-f209-4d3b-aa30-2774860ed903,4d31f199-aeeb-418a-8e0a-4f9f778362bb,trip fare adjust order,2024-08-04 03:41:24.904 +0530 IST,-1.2,-1.2,0,0,0,0,0,0,-1.2,0,0,0,0,0,0,0,0,0,0,0
2355057c-4d77-378a-a90d-b9a3833f345b,ecd990ea-f209-4d3b-aa30-2774860ed903,37052e10-fa70-4f1e-a9b3-17c0ec90ff4a,trip completed order,2024-08-04 04:02:13.228 +0530 IST,-21.61,103.39,-125,103.39,0,95.24,0,0,0,0,0,0,8.15,0,0,0,0,0,0,0
3761ff73-ca03-33f6-9333-df9fd6ed2965,ecd990ea-f209-4d3b-aa30-2774860ed903,37052e10-fa70-4f1e-a9b3-17c0ec90ff4a,trip fare adjust order,2024-08-04 04:02:15.081 +0530 IST,-1.03,-1.03,0,0,0,0,0,0,-1.03,0,0,0,0,0,0,0,0,0,0,0
196a945c-5bc4-39a3-8ea8-246c310e3e99,47234e95-0d39-458e-bd76-616a05603baf,22f7a8b5-478f-498e-a3d0-d6e08b751306,trip completed order,2024-08-04 11:46:33.857 +0530 IST,150.08,150.08,0,150.08,0,150.08,0,0,0,0,0,0,0,0,0,0,0,0,0,0
6ab366f1-4a8a-33a3-b51c-905f747d089c,47234e95-0d39-458e-bd76-616a05603baf,22f7a8b5-478f-498e-a3d0-d6e08b751306,trip fare adjust order,2024-08-04 11:46:35.541 +0530 IST,-1.5,-1.5,0,0,0,0,0,0,-1.5,0,0,0,0,0,0,0,0,0,0,0
057f10f2-5aa4-3ddd-add9-7c6b5f41ab3f,47234e95-0d39-458e-bd76-616a05603baf,f9ed083a-511d-4516-ae54-0214c16a483b,trip completed order,2024-08-04 12:55:04.245 +0530 IST,363.3,318.29,0,318.29,0,318.29,45.01,0,0,0,0,0,0,0,0,0,0,0,0,0
fdee1538-0a0f-30d2-ad15-cd5a49716082,47234e95-0d39-458e-bd76-616a05603baf,f9ed083a-511d-4516-ae54-0214c16a483b,trip fare adjust order,2024-08-04 12:55:06.273 +0530 IST,-3.63,-3.63,0,0,0,0,0,0,-3.63,0,0,0,0,0,0,0,0,0,0,0
e73a6115-dfc7-3918-9666-36bd82e5fb22,47234e95-0d39-458e-bd76-616a05603baf,edd2a7b5-2052-429e-a007-0f365992284c,trip completed order,2024-08-04 14:37:32.403 +0530 IST,-78.44,272.56,-451,272.56,0,272.56,100,0,0,0,0,0,0,0,0,0,0,0,0,0
5338fb0c-dffb-37a7-8bea-748d0eed346d,47234e95-0d39-458e-bd76-616a05603baf,edd2a7b5-2052-429e-a007-0f365992284c,trip fare adjust order,2024-08-04 14:37:34.06 +0530 IST,-3.73,-3.73,0,0,0,0,0,0,-3.73,0,0,0,0,0,0,0,0,0,0,0
f8be8d8d-df4f-3525-b0db-7ec6ef7068d6,ecd990ea-f209-4d3b-aa30-2774860ed903,d6e2c4e2-4940-4b1e-984f-a2999e1d5092,trip completed order,2024-08-04 15:15:07.773 +0530 IST,-112.79,345.21,-658,345.21,0,345.21,200,0,0,0,0,0,0,0,0,0,0,0,0,0
3e5a4fda-f918-3b4b-9c55-abb686de2cca,ecd990ea-f209-4d3b-aa30-2774860ed903,d6e2c4e2-4940-4b1e-984f-a2999e1d5092,trip fare adjust order,2024-08-04 15:15:09.258 +0530 IST,-5.45,-5.45,0,0,0,0,0,0,-5.45,0,0,0,0,0,0,0,0,0,0,0
5fc5eb0e-7a79-34dd-87b9-add8accf26a1,ecd990ea-f209-4d3b-aa30-2774860ed903,f83bd96d-9195-42af-9dcb-abef813e5f4e,trip completed order,2024-08-04 16:05:44.644 +0530 IST,212.86,212.86,0,212.86,0,212.86,0,0,0,0,0,0,0,0,0,0,0,0,0,0
eb5c1980-01db-3352-aeb7-687f488d8490,ecd990ea-f209-4d3b-aa30-2774860ed903,f83bd96d-9195-42af-9dcb-abef813e5f4e,trip fare adjust order,2024-08-04 16:05:46.505 +0530 IST,-2.13,-2.13,0,0,0,0,0,0,-2.13,0,0,0,0,0,0,0,0,0,0,0
d7fdc8d4-5cb1-3afa-a738-ce9543cd7800,100b888d-c025-49b3-814d-eb21f147c87c,d3342920-86d7-4a83-80cc-65876644d860,trip completed order,2024-08-04 16:22:40.026 +0530 IST,-52.28,143.72,-196,143.72,0,143.72,0,0,0,0,0,0,0,0,0,0,0,0,0,0
cd0d3b24-e685-30bd-b4e0-03af38c08740,100b888d-c025-49b3-814d-eb21f147c87c,d3342920-86d7-4a83-80cc-65876644d860,trip fare adjust order,2024-08-04 16:22:41.828 +0530 IST,-1.44,-1.44,0,0,0,0,0,0,-1.44,0,0,0,0,0,0,0,0,0,0,0
c18f3250-70ac-3f24-9489-47a4c6153af4,100b888d-c025-49b3-814d-eb21f147c87c,24fa5033-07b3-4dd2-86cd-77090d74bd35,trip completed order,2024-08-04 16:58:48.483 +0530 IST,317.81,272.8,0,272.8,0,272.8,45.01,0,0,0,0,0,0,0,0,0,0,0,0,0
f8deb9ba-97ab-332f-93f3-1e4b3ab022fd,100b888d-c025-49b3-814d-eb21f147c87c,24fa5033-07b3-4dd2-86cd-77090d74bd35,trip fare adjust order,2024-08-04 16:58:50.538 +0530 IST,-3.18,-3.18,0,0,0,0,0,0,-3.18,0,0,0,0,0,0,0,0,0,0,0
30ca7667-2cd4-37ab-bcf1-ed4361f9b41d,54bad470-c12e-45c5-8910-9559f03ea34b,53e57674-f21e-42e5-aa2d-acf2581f8dd1,trip completed order,2024-08-04 17:16:15.014 +0530 IST,-176.73,563.27,-940,563.27,0,563.27,200,0,0,0,0,0,0,0,0,0,0,0,0,0
89e3c29c-d0e9-3156-9a03-2ced79df21f3,54bad470-c12e-45c5-8910-9559f03ea34b,53e57674-f21e-42e5-aa2d-acf2581f8dd1,trip fare adjust order,2024-08-04 17:16:16.711 +0530 IST,-7.63,-7.63,0,0,0,0,0,0,-7.63,0,0,0,0,0,0,0,0,0,0,0
2068efae-6c01-386f-bedc-759be66ef33f,100b888d-c025-49b3-814d-eb21f147c87c,e82bbe30-8071-4e94-83b8-2909cb7912b1,trip completed order,2024-08-04 17:45:22.948 +0530 IST,251.71,251.71,0,251.71,0,218.37,0,0,0,0,33.34,0,0,0,0,0,0,0,0,0
13a0c147-91e7-3ad2-9dd6-8fd0d802ea9d,100b888d-c025-49b3-814d-eb21f147c87c,e82bbe30-8071-4e94-83b8-2909cb7912b1,trip fare adjust order,2024-08-04 17:45:24.673 +0530 IST,-2.52,-2.52,0,0,0,0,0,0,-2.52,0,0,0,0,0,0,0,0,0,0,0
9051a111-a2da-3a32-a26c-ce615fcb72cc,ecd990ea-f209-4d3b-aa30-2774860ed903,13bf7469-234a-42d2-ab7e-dd6ec677b41a,trip completed order,2024-08-04 17:51:39.135 +0530 IST,251.38,206.37,0,206.37,0,206.37,45.01,0,0,0,0,0,0,0,0,0,0,0,0,0
23363bc8-abce-3e39-8320-2819b9c54891,ecd990ea-f209-4d3b-aa30-2774860ed903,13bf7469-234a-42d2-ab7e-dd6ec677b41a,trip fare adjust order,2024-08-04 17:51:40.915 +0530 IST,-2.51,-2.51,0,0,0,0,0,0,-2.51,0,0,0,0,0,0,0,0,0,0,0
261be305-fba6-31d9-9358-040eb01c8743,100b888d-c025-49b3-814d-eb21f147c87c,c8561fa7-4156-495f-8eac-4fc497399fbc,trip completed order,2024-08-04 18:17:31.351 +0530 IST,76,76,0,76,0,0,0,0,0,0,0,0,0,0,0,0,0,60.39,15.61,0
19cc762a-4022-3ff8-9a3b-f941086898ab,100b888d-c025-49b3-814d-eb21f147c87c,c8561fa7-4156-495f-8eac-4fc497399fbc,trip fare adjust order,2024-08-04 18:17:33.097 +0530 IST,-0.76,-0.76,0,0,0,0,0,0,-0.76,0,0,0,0,0,0,0,0,0,0,0
c2214dc9-32d2-34b4-9acc-5c53dd4cb7ec,ecd990ea-f209-4d3b-aa30-2774860ed903,c62c7271-bbc4-4aed-8a31-340770b23737,trip completed order,2024-08-04 19:07:56.356 +0530 IST,-143.79,477.2,-666,477.2,0,477.2,45.01,0,0,0,0,0,0,0,0,0,0,0,0,0
ca8c732b-0c90-39b8-ac04-5acd417a5888,ecd990ea-f209-4d3b-aa30-2774860ed903,c62c7271-bbc4-4aed-8a31-340770b23737,trip fare adjust order,2024-08-04 19:07:58.11 +0530 IST,-5.22,-5.22,0,0,0,0,0,0,-5.22,0,0,0,0,0,0,0,0,0,0,0
7dd43af3-68db-3f5e-b3bc-5a021bb05fb6,100b888d-c025-49b3-814d-eb21f147c87c,f7b77114-a623-4651-bd4f-08ec6714a2d7,trip completed order,2024-08-04 19:57:27.082 +0530 IST,-143.15,473.84,-662,473.84,0,473.84,45.01,0,0,0,0,0,0,0,0,0,0,0,0,0
7ac10680-9336-3af6-b03f-de561feb8baf,100b888d-c025-49b3-814d-eb21f147c87c,f7b77114-a623-4651-bd4f-08ec6714a2d7,trip fare adjust order,2024-08-04 19:57:28.715 +0530 IST,-5.19,-5.19,0,0,0,0,0,0,-5.19,0,0,0,0,0,0,0,0,0,0,0
9aaa8209-ee56-33a3-a0b8-b8207aa16d7f,54bad470-c12e-45c5-8910-9559f03ea34b,8dd277af-18cc-43c4-8212-48275aa227fa,trip completed order,2024-08-04 20:03:11.849 +0530 IST,781.81,736.8,0,736.8,0,736.8,45.01,0,0,0,0,0,0,0,0,0,0,0,0,0
6b4e0275-e224-36b6-aef9-a3a272aeb009,54bad470-c12e-45c5-8910-9559f03ea34b,8dd277af-18cc-43c4-8212-48275aa227fa,trip fare adjust order,2024-08-04 20:03:14.169 +0530 IST,-7.82,-7.82,0,0,0,0,0,0,-7.82,0,0,0,0,0,0,0,0,0,0,0
7a8670d2-cb6b-36b5-b4d0-0d681fb09df5,ecd990ea-f209-4d3b-aa30-2774860ed903,f9e68d20-c2d2-42d5-8798-eee4f373fba7,trip completed order,2024-08-04 20:19:13.073 +0530 IST,78.89,355.89,-277,355.89,0,355.89,0,0,0,0,0,0,0,0,0,0,0,0,0,0
96cf1d8c-2a0c-3838-ae49-7cc1dfe116a3,ecd990ea-f209-4d3b-aa30-2774860ed903,f9e68d20-c2d2-42d5-8798-eee4f373fba7,trip fare adjust order,2024-08-04 20:19:14.847 +0530 IST,-3.56,-3.56,0,0,0,0,0,0,-3.56,0,0,0,0,0,0,0,0,0,0,0
a8ffe075-6ba5-3881-bad0-b107164728ec,100b888d-c025-49b3-814d-eb21f147c87c,3f493734-d5f8-4a20-ac72-64021254972f,trip completed order,2024-08-04 20:36:51.533 +0530 IST,183.21,138.2,0,138.2,0,138.2,45.01,0,0,0,0,0,0,0,0,0,0,0,0,0
1263022a-a952-3a7c-b7e6-5bfedc6ef963,100b888d-c025-49b3-814d-eb21f147c87c,3f493734-d5f8-4a20-ac72-64021254972f,trip fare adjust order,2024-08-04 20:36:53.513 +0530 IST,-1.83,-1.83,0,0,0,0,0,0,-1.83,0,0,0,0,0,0,0,0,0,0,0
c8f89ab3-6c04-3aff-8cb4-c547e1452a4b,ecd990ea-f209-4d3b-aa30-2774860ed903,ba14467e-e217-4a75-9f35-b6fb453f5d1f,trip completed order,2024-08-04 21:29:10.94 +0530 IST,236.81,236.81,0,236.81,0,225.39,0,0,0,11.42,0,0,0,0,0,0,0,0,0,0
15dee32f-81dc-3980-997d-e15023cf347e,ecd990ea-f209-4d3b-aa30-2774860ed903,ba14467e-e217-4a75-9f35-b6fb453f5d1f,trip fare adjust order,2024-08-04 21:29:12.606 +0530 IST,-2.37,-2.37,0,0,0,0,0,0,-2.37,0,0,0,0,0,0,0,0,0,0,0
b95356d4-9c27-39ef-bf14-7871e01dcae6,100b888d-c025-49b3-814d-eb21f147c87c,e140eebd-d085-4a9d-aa38-7bbc58916477,trip completed order,2024-08-04 22:06:16.055 +0530 IST,15.31,642.31,-727,642.31,0,642.31,100,0,0,0,0,0,0,0,0,0,0,0,0,0
f2a4df56-96ed-33ee-af0d-bc5f97b364f2,100b888d-c025-49b3-814d-eb21f147c87c,e140eebd-d085-4a9d-aa38-7bbc58916477,trip fare adjust order,2024-08-04 22:06:17.718 +0530 IST,-7.42,-7.42,0,0,0,0,0,0,-7.42,0,0,0,0,0,0,0,0,0,0,0
2f636673-e830-34aa-9c9c-b00746a95328,100b888d-c025-49b3-814d-eb21f147c87c,10aef5d0-4092-44ef-bdd2-b102fce0a59d,trip completed order,2024-08-04 23:00:26.068 +0530 IST,-45.33,110.67,-156,110.67,0,110.67,0,0,0,0,0,0,0,0,0,0,0,0,0,0
f4e161cc-44a1-3ae8-8121-eb55244531b9,100b888d-c025-49b3-814d-eb21f147c87c,10aef5d0-4092-44ef-bdd2-b102fce0a59d,trip fare adjust order,2024-08-04 23:00:27.642 +0530 IST,-1.11,-1.11,0,0,0,0,0,0,-1.11,0,0,0,0,0,0,0,0,0,0,0
badc270b-d8c6-34f0-b3bc-7b7c812197ca,ecd990ea-f209-4d3b-aa30-2774860ed903,117021e5-9d27-455b-bafc-85012d8b9b45,trip completed order,2024-08-04 23:13:18.849 +0530 IST,-53.18,327.81,-426,327.81,0,327.81,45.01,0,0,0,0,0,0,0,0,0,0,0,0,0
910bd026-0734-3992-b1c6-a37362e46dbf,ecd990ea-f209-4d3b-aa30-2774860ed903,117021e5-9d27-455b-bafc-85012d8b9b45,trip fare adjust order,2024-08-04 23:13:20.636 +0530 IST,-3.73,-3.73,0,0,0,0,0,0,-3.73,0,0,0,0,0,0,0,0,0,0,0
0f7d7970-7250-35fe-a366-25a6e3c91b63,54bad470-c12e-45c5-8910-9559f03ea34b,dcf5d357-3efc-4897-b761-1fe5c3d52047,trip completed order,2024-08-04 23:18:18.03 +0530 IST,68.48,477.48,-409,477.48,0,476.52,0,0,0,0,0,0,0.96,0,0,0,0,0,0,0
d42c7869-9247-34cb-a393-3ff8345e07bc,54bad470-c12e-45c5-8910-9559f03ea34b,dcf5d357-3efc-4897-b761-1fe5c3d52047,trip fare adjust order,2024-08-04 23:18:19.881 +0530 IST,-4.77,-4.77,0,0,0,0,0,0,-4.77,0,0,0,0,0,0,0,0,0,0,0
8e33ca3b-3959-3fb3-bccf-1ce42db7bb75,100b888d-c025-49b3-814d-eb21f147c87c,2cbd550a-c0e0-425f-87b0-7dfbf8ad1164,trip completed order,2024-08-04 23:47:35.566 +0530 IST,-55.95,159.05,-215,159.05,0,159.05,0,0,0,0,0,0,0,0,0,0,0,0,0,0
3ab03e62-1fba-346d-ab72-759f1ac83387,100b888d-c025-49b3-814d-eb21f147c87c,2cbd550a-c0e0-425f-87b0-7dfbf8ad1164,trip fare adjust order,2024-08-04 23:47:37.229 +0530 IST,-1.59,-1.59,0,0,0,0,0,0,-1.59,0,0,0,0,0,0,0,0,0,0,0
3842bde8-3c17-3caf-b9f8-8a1c4aeb2e09,ecd990ea-f209-4d3b-aa30-2774860ed903,c26248af-03ac-4dad-a0c4-ee0046d2bb3f,trip completed order,2024-08-04 23:49:51.007 +0530 IST,4.5,204.49,-245,204.49,0,204.49,45.01,0,0,0,0,0,0,0,0,0,0,0,0,0
e2954700-2e6c-3dc8-9ef5-368578c2cba2,ecd990ea-f209-4d3b-aa30-2774860ed903,c26248af-03ac-4dad-a0c4-ee0046d2bb3f,trip fare adjust order,2024-08-04 23:49:52.626 +0530 IST,-2.5,-2.5,0,0,0,0,0,0,-2.5,0,0,0,0,0,0,0,0,0,0,0
3f44e565-eb68-30fe-88f5-bdd099629cbd,100b888d-c025-49b3-814d-eb21f147c87c,f2c24b70-d966-4bac-b40a-f40761c7b3ff,trip completed order,2024-08-05 00:19:10.993 +0530 IST,310.65,310.65,0,310.65,0,310.65,0,0,0,0,0,0,0,0,0,0,0,0,0,0
fcd9fdfc-9175-3a84-9dfd-08851a4184ca,100b888d-c025-49b3-814d-eb21f147c87c,f2c24b70-d966-4bac-b40a-f40761c7b3ff,trip fare adjust order,2024-08-05 00:19:13.056 +0530 IST,-3.11,-3.11,0,0,0,0,0,0,-3.11,0,0,0,0,0,0,0,0,0,0,0
cc3e6ac4-1347-3173-a6a7-95cfe7b51baf,ecd990ea-f209-4d3b-aa30-2774860ed903,6ed7df6e-d95b-48b5-bcf7-81aff03f5514,trip completed order,2024-08-05 00:30:43.526 +0530 IST,-54.95,155.05,-210,155.05,0,155.05,0,0,0,0,0,0,0,0,0,0,0,0,0,0
aec875bd-d9b5-33e3-b386-3af42d13655c,ecd990ea-f209-4d3b-aa30-2774860ed903,6ed7df6e-d95b-48b5-bcf7-81aff03f5514,trip fare adjust order,2024-08-05 00:30:45.203 +0530 IST,-1.55,-1.55,0,0,0,0,0,0,-1.55,0,0,0,0,0,0,0,0,0,0,0
636e8a19-ed56-3f5f-a125-6318a3d2fc46,ecd990ea-f209-4d3b-aa30-2774860ed903,6014a6ee-57fd-4bd0-aebe-411bf1c4b1d1,trip completed order,2024-08-05 00:51:39.979 +0530 IST,-45.42,128.58,-174,128.58,0,95.24,0,0,0,0,33.34,0,0,0,0,0,0,0,0,0
0b0ba432-0bf3-33bb-8924-f833a1c7076e,ecd990ea-f209-4d3b-aa30-2774860ed903,6014a6ee-57fd-4bd0-aebe-411bf1c4b1d1,trip fare adjust order,2024-08-05 00:51:41.649 +0530 IST,-1.29,-1.29,0,0,0,0,0,0,-1.29,0,0,0,0,0,0,0,0,0,0,0
559da951-9ec1-3f02-a839-7916ccb9a14e,ecd990ea-f209-4d3b-aa30-2774860ed903,87fbb94b-3ecd-4d83-82bf-5d318ac89028,trip completed order,2024-08-05 01:20:04.411 +0530 IST,-38.59,145.41,-184,145.41,0,135.89,0,0,0,9.52,0,0,0,0,0,0,0,0,0,0
ed39bce2-6bb9-36ae-b4eb-9e7ad5d2c0e6,ecd990ea-f209-4d3b-aa30-2774860ed903,87fbb94b-3ecd-4d83-82bf-5d318ac89028,trip fare adjust order,2024-08-05 01:20:06.101 +0530 IST,-1.45,-1.45,0,0,0,0,0,0,-1.45,0,0,0,0,0,0,0,0,0,0,0
5274f5af-869d-3dd5-9012-2f1bd3ed8aa2,ecd990ea-f209-4d3b-aa30-2774860ed903,a69880fc-4916-4fd1-b0bc-fc436a0c7e04,trip completed order,2024-08-05 01:57:59.172 +0530 IST,314.33,269.32,0,269.32,0,269.32,45.01,0,0,0,0,0,0,0,0,0,0,0,0,0
15133bd2-ddeb-3287-bc56-47a16400c5c6,ecd990ea-f209-4d3b-aa30-2774860ed903,a69880fc-4916-4fd1-b0bc-fc436a0c7e04,trip fare adjust order,2024-08-05 01:58:00.979 +0530 IST,-3.14,-3.14,0,0,0,0,0,0,-3.14,0,0,0,0,0,0,0,0,0,0,0
24b47429-aeaa-306b-9461-6f716339b8de,47234e95-0d39-458e-bd76-616a05603baf,d70e75b0-8250-44c7-b8ca-e9bf29649592,trip completed order,2024-08-05 12:53:58.824 +0530 IST,862.87,662.87,0,662.87,0,655.93,200,0,0,0,0,0,6.94,0,0,0,0,0,0,0
68424e74-13d9-3cb8-99bc-edf152fd1485,47234e95-0d39-458e-bd76-616a05603baf,d70e75b0-8250-44c7-b8ca-e9bf29649592,trip fare adjust order,2024-08-05 12:54:00.722 +0530 IST,-8.63,-8.63,0,0,0,0,0,0,-8.63,0,0,0,0,0,0,0,0,0,0,0
bf98a615-7274-3758-aeb8-ec18d268f78f,54bad470-c12e-45c5-8910-9559f03ea34b,354780b1-257c-46ff-aac6-03acf36eff36,trip fare adjust order,2024-08-05 13:00:22.941 +0530 IST,-100,-100,0,-100,0,0,0,0,0,0,0,0,0,0,0,-100,0,0,0,0
527f1943-c9cd-3b4a-9e4c-b23dec80ea28,9b62fc51-c0c2-4c38-8d6e-7d0f6d69f411,c248aa5b-53e6-496a-86fa-85bcbd3b3ce5,trip completed order,2024-08-05 13:08:21.915 +0530 IST,-61.79,179.21,-241,179.21,0,179.21,0,0,0,0,0,0,0,0,0,0,0,0,0,0
05f896a4-c7ca-3198-8d3e-d3ffa8f1f821,9b62fc51-c0c2-4c38-8d6e-7d0f6d69f411,c248aa5b-53e6-496a-86fa-85bcbd3b3ce5,trip fare adjust order,2024-08-05 13:08:23.514 +0530 IST,-1.79,-1.79,0,0,0,0,0,0,-1.79,0,0,0,0,0,0,0,0,0,0,0
437247d8-9236-33d0-9832-3d2d7ae17b99,100b888d-c025-49b3-814d-eb21f147c87c,756ed5a8-9ea4-472f-8028-7f487e59c15f,trip completed order,2024-08-05 15:21:14.109 +0530 IST,81.73,361.73,-480,361.73,0,361.73,200,0,0,0,0,0,0,0,0,0,0,0,0,0
d6678c9e-8178-3ab4-a573-306a7dc2a35a,100b888d-c025-49b3-814d-eb21f147c87c,756ed5a8-9ea4-472f-8028-7f487e59c15f,trip fare adjust order,2024-08-05 15:21:15.853 +0530 IST,-5.62,-5.62,0,0,0,0,0,0,-5.62,0,0,0,0,0,0,0,0,0,0,0
ab83116b-9f5b-307e-810a-7dbb9ddd74a0,47234e95-0d39-458e-bd76-616a05603baf,18659880-c52d-47b9-9c4b-f65f23f7996e,trip completed order,2024-08-05 15:23:59.617 +0530 IST,143.03,143.03,0,143.03,0,133.32,0,0,0,9.52,0,0,0.19,0,0,0,0,0,0,0
59ec73b4-91a0-369c-a691-7d4abb1eb022,47234e95-0d39-458e-bd76-616a05603baf,18659880-c52d-47b9-9c4b-f65f23f7996e,trip fare adjust order,2024-08-05 15:24:01.245 +0530 IST,-1.43,-1.43,0,0,0,0,0,0,-1.43,0,0,0,0,0,0,0,0,0,0,0
20970194-607b-3d39-92d6-b83502e9eaed,100b888d-c025-49b3-814d-eb21f147c87c,69aa18f4-1406-4baa-b0d0-ce23a62ffed9,trip completed order,2024-08-05 15:47:03.829 +0530 IST,-40.76,95.24,-136,95.24,0,95.24,0,0,0,0,0,0,0,0,0,0,0,0,0,0
9248a265-0f94-3e38-b078-f2c65b0ef2aa,100b888d-c025-49b3-814d-eb21f147c87c,69aa18f4-1406-4baa-b0d0-ce23a62ffed9,trip fare adjust order,2024-08-05 15:47:05.574 +0530 IST,-0.95,-0.95,0,0,0,0,0,0,-0.95,0,0,0,0,0,0,0,0,0,0,0
398b58f9-e1d9-38e2-9370-135a9a0bf7e8,47234e95-0d39-458e-bd76-616a05603baf,cca073d9-ca85-4401-b431-86f1590338c4,trip completed order,2024-08-05 16:04:59.375 +0530 IST,170.55,170.55,0,170.55,0,160.54,0,0,0,9.52,0,0,0.49,0,0,0,0,0,0,0
b1b597d0-d4ce-31e0-ad05-7fd2457f84ef,47234e95-0d39-458e-bd76-616a05603baf,cca073d9-ca85-4401-b431-86f1590338c4,trip fare adjust order,2024-08-05 16:05:01.126 +0530 IST,-1.71,-1.71,0,0,0,0,0,0,-1.71,0,0,0,0,0,0,0,0,0,0,0
2b47fc62-1da0-3b41-b604-b384e462d1cb,47234e95-0d39-458e-bd76-616a05603baf,9840bc87-16b0-414a-b3e6-5e46b104cb46,trip completed order,2024-08-05 16:34:59.72 +0530 IST,359.53,359.53,0,359.53,0,350.01,0,0,0,9.52,0,0,0,0,0,0,0,0,0,0
00949176-6b8a-331a-9fe6-9fbea9cb014b,47234e95-0d39-458e-bd76-616a05603baf,9840bc87-16b0-414a-b3e6-5e46b104cb46,trip fare adjust order,2024-08-05 16:35:01.517 +0530 IST,-3.6,-3.6,0,0,0,0,0,0,-3.6,0,0,0,0,0,0,0,0,0,0,0
9798319c-d8b8-314c-a342-dae49b4cb83d,100b888d-c025-49b3-814d-eb21f147c87c,d6f3cc7e-c077-4c36-a671-319a4161f588,trip completed order,2024-08-05 16:59:33.966 +0530 IST,-45.25,447.75,-593,447.75,0,447.75,100,0,0,0,0,0,0,0,0,0,0,0,0,0
2023f71a-5045-388b-bff5-6b81d962f533,100b888d-c025-49b3-814d-eb21f147c87c,d6f3cc7e-c077-4c36-a671-319a4161f588,trip fare adjust order,2024-08-05 16:59:35.638 +0530 IST,-5.48,-5.48,0,0,0,0,0,0,-5.48,0,0,0,0,0,0,0,0,0,0,0
ca2350d0-ec8a-30fb-8c62-02c130c58b9c,100b888d-c025-49b3-814d-eb21f147c87c,e2023c16-984f-413b-bd01-21e35d0cc93a,trip completed order,2024-08-05 17:20:55.434 +0530 IST,124.06,124.06,0,124.06,0,124.06,0,0,0,0,0,0,0,0,0,0,0,0,0,0
fb3d2d7a-c3ca-3453-8a83-f7caba0f74e0,100b888d-c025-49b3-814d-eb21f147c87c,e2023c16-984f-413b-bd01-21e35d0cc93a,trip fare adjust order,2024-08-05 17:20:57.107 +0530 IST,-1.24,-1.24,0,0,0,0,0,0,-1.24,0,0,0,0,0,0,0,0,0,0,0
57720a6f-ecf5-3a76-a102-2ab08e75ec5f,100b888d-c025-49b3-814d-eb21f147c87c,0ed57243-aae4-4bdf-8a5d-d471f4922979,trip completed order,2024-08-05 18:01:09.072 +0530 IST,-108.14,343.86,-452,343.86,0,343.86,0,0,0,0,0,0,0,0,0,0,0,0,0,0
ce00a257-8383-391b-adc4-bef08870577d,100b888d-c025-49b3-814d-eb21f147c87c,0ed57243-aae4-4bdf-8a5d-d471f4922979,trip fare adjust order,2024-08-05 18:01:10.733 +0530 IST,-3.44,-3.44,0,0,0,0,0,0,-3.44,0,0,0,0,0,0,0,0,0,0,0
6af2aec4-3939-3182-ab95-ccf71f82b788,9b62fc51-c0c2-4c38-8d6e-7d0f6d69f411,f2037059-99f6-45b7-a0cf-f4f76782a7c3,trip completed order,2024-08-05 18:13:48.999 +0530 IST,-27.4,771.6,-799,771.6,0,771.6,0,0,0,0,0,0,0,0,0,0,0,0,0,0
a74fb39e-4707-3eb6-8f70-cb464587b94c,9b62fc51-c0c2-4c38-8d6e-7d0f6d69f411,f2037059-99f6-45b7-a0cf-f4f76782a7c3,trip fare adjust order,2024-08-05 18:13:50.538 +0530 IST,-7.72,-7.72,0,0,0,0,0,0,-7.72,0,0,0,0,0,0,0,0,0,0,0
dac0c15f-6612-3be4-bc24-bb91a8b58ece,9b62fc51-c0c2-4c38-8d6e-7d0f6d69f411,f2037059-99f6-45b7-a0cf-f4f76782a7c3,trip fare adjust order,2024-08-05 18:13:51.726 +0530 IST,-763.88,-763.88,0,-763.88,0,0,0,0,0,0,0,0,0,0,0,-763.88,0,0,0,0
66643da4-fbaa-32b7-87ff-bbe845a443ea,54bad470-c12e-45c5-8910-9559f03ea34b,e13ffe37-28ed-45c5-bac5-a2cd9c02ba09,trip completed order,2024-08-05 18:31:12.981 +0530 IST,-278.87,978.11,-1457,978.11,0,954.31,200.02,0,0,23.8,0,0,0,0,0,0,0,0,0,0
0b01d653-4c21-389e-8da0-d7424afc503d,54bad470-c12e-45c5-8910-9559f03ea34b,e13ffe37-28ed-45c5-bac5-a2cd9c02ba09,trip fare adjust order,2024-08-05 18:31:14.669 +0530 IST,-11.78,-11.78,0,0,0,0,0,0,-11.78,0,0,0,0,0,0,0,0,0,0,0
e5a17d84-2642-318f-b972-34143133d19e,100b888d-c025-49b3-814d-eb21f147c87c,a5846e4b-6e0c-4f07-b1b4-45bf3326d4e3,trip completed order,2024-08-05 19:05:43.502 +0530 IST,151.57,151.57,0,151.57,0,234.85,0,0,0,0,0,-83.28,0,0,0,0,0,0,0,0
bae56400-5671-3256-baaf-4a31a0fc912c,100b888d-c025-49b3-814d-eb21f147c87c,a5846e4b-6e0c-4f07-b1b4-45bf3326d4e3,trip fare adjust order,2024-08-05 19:05:45.162 +0530 IST,-1.52,-1.52,0,0,0,0,0,0,-1.52,0,0,0,0,0,0,0,0,0,0,0
d129b801-8f66-3d8f-97d0-7bc4febcbbac,54bad470-c12e-45c5-8910-9559f03ea34b,a6ec9853-7366-4570-8e20-33784ab65c3c,trip completed order,2024-08-05 20:05:33.008 +0530 IST,26.61,351.52,-324.91,351.52,0,409.15,0,0,0,0,0,-70.29,12.66,0,0,0,0,0,0,0
e8934e4d-7361-3767-8200-ccbfdbbe4032,54bad470-c12e-45c5-8910-9559f03ea34b,a6ec9853-7366-4570-8e20-33784ab65c3c,trip fare adjust order,2024-08-05 20:05:34.795 +0530 IST,-3.52,-3.52,0,0,0,0,0,0,-3.52,0,0,0,0,0,0,0,0,0,0,0
1485fb92-c14f-35a7-a277-1cc4122e2b60,100b888d-c025-49b3-814d-eb21f147c87c,60d27c39-4436-4313-b7fb-af62c6065265,trip completed order,2024-08-05 20:31:55.515 +0530 IST,-123.23,370.77,-494,370.77,0,370.77,0,0,0,0,0,0,0,0,0,0,0,0,0,0
c7d943a9-2f20-310e-a81a-6cc9dcf9ff47,100b888d-c025-49b3-814d-eb21f147c87c,60d27c39-4436-4313-b7fb-af62c6065265,trip fare adjust order,2024-08-05 20:31:57.257 +0530 IST,-3.71,-3.71,0,0,0,0,0,0,-3.71,0,0,0,0,0,0,0,0,0,0,0
8567cd2a-deae-392b-afe9-5996375104d2,100b888d-c025-49b3-814d-eb21f147c87c,e8590988-ef88-40e8-b82e-7031af299cb2,trip completed order,2024-08-05 21:13:24.04 +0530 IST,151.99,151.99,0,151.99,0,168.16,0,0,0,0,0,-16.17,0,0,0,0,0,0,0,0
ad4380fa-8f3a-3ac1-a032-c1d935bb39fd,100b888d-c025-49b3-814d-eb21f147c87c,e8590988-ef88-40e8-b82e-7031af299cb2,trip fare adjust order,2024-08-05 21:13:25.81 +0530 IST,-1.52,-1.52,0,0,0,0,0,0,-1.52,0,0,0,0,0,0,0,0,0,0,0
cbe5cdde-8bd3-3b50-80b1-a10a68e0f0b4,100b888d-c025-49b3-814d-eb21f147c87c,0bcdb4d8-aea6-45e3-b05e-bf8c5bccbddb,trip completed order,2024-08-05 21:18:22.679 +0530 IST,15.04,15.04,0,15.04,0,0,0,0,0,0,0,0,0,0,0,0,0,15.04,0,0
b4d99e33-9b69-3542-abd4-255faba7a5cb,100b888d-c025-49b3-814d-eb21f147c87c,0bcdb4d8-aea6-45e3-b05e-bf8c5bccbddb,trip fare adjust order,2024-08-05 21:18:24.275 +0530 IST,-0.15,-0.15,0,0,0,0,0,0,-0.15,0,0,0,0,0,0,0,0,0,0,0
f81cded0-1620-3958-888c-7673bf3c5a90,54bad470-c12e-45c5-8910-9559f03ea34b,c3a24cb2-6068-44ac-b43f-3f12ab20cb33,trip completed order,2024-08-05 21:49:46.017 +0530 IST,-144.73,481.28,-671,481.28,0,481.28,44.99,0,0,0,0,0,0,0,0,0,0,0,0,0
7292b005-b56f-378e-bbbe-7ad72e0f294a,54bad470-c12e-45c5-8910-9559f03ea34b,c3a24cb2-6068-44ac-b43f-3f12ab20cb33,trip fare adjust order,2024-08-05 21:49:47.714 +0530 IST,-5.26,-5.26,0,0,0,0,0,0,-5.26,0,0,0,0,0,0,0,0,0,0,0
640148ae-4f55-3fec-8719-269e8ca6c3db,100b888d-c025-49b3-814d-eb21f147c87c,0d659a80-99dc-4206-b46d-c49ed8b7f5c0,trip completed order,2024-08-05 22:24:31.098 +0530 IST,-185.77,587.23,-1023,587.23,0,587.23,250,0,0,0,0,0,0,0,0,0,0,0,0,0
a35a219f-c406-3dc2-a835-bf001f579c61,100b888d-c025-49b3-814d-eb21f147c87c,0d659a80-99dc-4206-b46d-c49ed8b7f5c0,trip fare adjust order,2024-08-05 22:24:32.803 +0530 IST,-8.37,-8.37,0,0,0,0,0,0,-8.37,0,0,0,0,0,0,0,0,0,0,0
0ddc98fc-ee22-3493-aa28-2c3818b5ffcb,9b62fc51-c0c2-4c38-8d6e-7d0f6d69f411,f2037059-99f6-45b7-a0cf-f4f76782a7c3,trip fare adjust order,2024-08-05 22:58:02.235 +0530 IST,763.88,763.88,0,763.88,0,0,0,0,0,0,0,0,0,0,0,763.88,0,0,0,0
2d8c208c-550a-3893-9409-5144aa3ec78a,54bad470-c12e-45c5-8910-9559f03ea34b,85948791-aef6-46ff-b3da-d19ab60b43bf,trip completed order,2024-08-06 00:45:09.319 +0530 IST,-88.4,294.6,-383,294.6,0,290.6,0,0,0,0,0,0,4,0,0,0,0,0,0,0
57a0e82c-7d15-37f4-b00d-044fa4bc61ee,54bad470-c12e-45c5-8910-9559f03ea34b,85948791-aef6-46ff-b3da-d19ab60b43bf,trip fare adjust order,2024-08-06 00:45:10.914 +0530 IST,-2.95,-2.95,0,0,0,0,0,0,-2.95,0,0,0,0,0,0,0,0,0,0,0
d27a1804-a0e8-3caf-894b-eab18dbcf272,54bad470-c12e-45c5-8910-9559f03ea34b,4dc905e3-3fb0-4d8d-98cd-19ca4dbd619e,trip completed order,2024-08-06 02:11:43.525 +0530 IST,-156.71,441.3,-643,441.3,0,430.87,44.99,0,0,0,0,0,10.43,0,0,0,0,0,0,0
64c00c09-243d-3490-9659-324004bfdf56,54bad470-c12e-45c5-8910-9559f03ea34b,4dc905e3-3fb0-4d8d-98cd-19ca4dbd619e,trip fare adjust order,2024-08-06 02:11:45.116 +0530 IST,-4.86,-4.86,0,0,0,0,0,0,-4.86,0,0,0,0,0,0,0,0,0,0,0
7db611c7-69c0-31dd-8348-12bdc8c3dd73,54bad470-c12e-45c5-8910-9559f03ea34b,b17df618-9726-4d2c-92ee-3d4fea70d357,trip completed order,2024-08-06 03:49:15.902 +0530 IST,0.57,631.56,-676,631.56,0,631.56,45.01,0,0,0,0,0,0,0,0,0,0,0,0,0
032dd9fb-c3c6-3b59-a765-d60baae2d836,54bad470-c12e-45c5-8910-9559f03ea34b,b17df618-9726-4d2c-92ee-3d4fea70d357,trip fare adjust order,2024-08-06 03:49:17.506 +0530 IST,-6.77,-6.77,0,0,0,0,0,0,-6.77,0,0,0,0,0,0,0,0,0,0,0
fde6ef35-a6e5-37c3-a55c-69700b297cd0,54bad470-c12e-45c5-8910-9559f03ea34b,5bbb762c-b894-4a4b-b81d-d17b8af355d9,trip completed order,2024-08-06 11:06:52.871 +0530 IST,-128.52,431.48,-560,431.48,0,423.28,0,0,0,0,0,0,8.2,0,0,0,0,0,0,0
9d437778-9ae2-31de-a97d-a55331fd25a6,54bad470-c12e-45c5-8910-9559f03ea34b,5bbb762c-b894-4a4b-b81d-d17b8af355d9,trip fare adjust order,2024-08-06 11:06:54.598 +0530 IST,-4.31,-4.31,0,0,0,0,0,0,-4.31,0,0,0,0,0,0,0,0,0,0,0
4b31e66c-53d5-3815-b071-17eba466f0a9,100b888d-c025-49b3-814d-eb21f147c87c,737bbbc9-4067-4699-a51f-05273e701687,trip completed order,2024-08-06 12:12:19.067 +0530 IST,597.87,397.87,0,397.87,0,397.87,200,0,0,0,0,0,0,0,0,0,0,0,0,0
49781919-f0b7-3cdc-9fdf-0a27bb2049ef,100b888d-c025-49b3-814d-eb21f147c87c,737bbbc9-4067-4699-a51f-05273e701687,trip fare adjust order,2024-08-06 12:12:21.011 +0530 IST,-5.98,-5.98,0,0,0,0,0,0,-5.98,0,0,0,0,0,0,0,0,0,0,0
2e2efa06-f10e-36bc-80c9-5fe57850974c,47234e95-0d39-458e-bd76-616a05603baf,d7d75bbe-1ae0-4310-b05c-85bf52215e5f,trip completed order,2024-08-06 12:27:50.472 +0530 IST,660.13,460.13,0,460.13,0,460.13,200,0,0,0,0,0,0,0,0,0,0,0,0,0
8ae370d8-5ff3-3cbc-938a-99cb169c6084,47234e95-0d39-458e-bd76-616a05603baf,d7d75bbe-1ae0-4310-b05c-85bf52215e5f,trip fare adjust order,2024-08-06 12:27:52.226 +0530 IST,-6.6,-6.6,0,0,0,0,0,0,-6.6,0,0,0,0,0,0,0,0,0,0,0
b1727e61-fdd7-3ed4-83d0-deee6fdb0fd4,100b888d-c025-49b3-814d-eb21f147c87c,30616041-6c52-47fe-bde6-f2785793d4fe,trip completed order,2024-08-06 12:54:39.537 +0530 IST,196.73,196.73,0,196.73,0,196.73,0,0,0,0,0,0,0,0,0,0,0,0,0,0
8c5aad07-5d5a-3365-a316-b662e200d932,100b888d-c025-49b3-814d-eb21f147c87c,30616041-6c52-47fe-bde6-f2785793d4fe,trip fare adjust order,2024-08-06 12:54:41.209 +0530 IST,-1.97,-1.97,0,0,0,0,0,0,-1.97,0,0,0,0,0,0,0,0,0,0,0
09f0821a-5c8b-3eea-ad75-81edde0c4beb,47234e95-0d39-458e-bd76-616a05603baf,f2520b18-4117-423f-8a52-ace61c0a7e31,trip completed order,2024-08-06 13:10:21.551 +0530 IST,205.29,205.29,0,205.29,0,205.29,0,0,0,0,0,0,0,0,0,0,0,0,0,0
4ed91334-7781-3ef7-84b3-2f8c3c825036,47234e95-0d39-458e-bd76-616a05603baf,f2520b18-4117-423f-8a52-ace61c0a7e31,trip fare adjust order,2024-08-06 13:10:23.498 +0530 IST,-2.05,-2.05,0,0,0,0,0,0,-2.05,0,0,0,0,0,0,0,0,0,0,0
b0b02d90-4ab8-3b7e-8bf9-8cda010c8694,100b888d-c025-49b3-814d-eb21f147c87c,ca8c16af-99f3-4b43-b2a8-652e598963ec,trip completed order,2024-08-06 14:03:15.315 +0530 IST,247.98,247.98,0,247.98,0,247.98,0,0,0,0,0,0,0,0,0,0,0,0,0,0
ea4b9433-411b-3a27-b954-9437bcc9108f,100b888d-c025-49b3-814d-eb21f147c87c,ca8c16af-99f3-4b43-b2a8-652e598963ec,trip fare adjust order,2024-08-06 14:03:17.182 +0530 IST,-2.48,-2.48,0,0,0,0,0,0,-2.48,0,0,0,0,0,0,0,0,0,0,0
b6dd3f69-8d2c-37b5-886c-e0329218c20c,54bad470-c12e-45c5-8910-9559f03ea34b,7272b5b6-3a2e-4708-9935-659155cab9d8,trip completed order,2024-08-06 14:28:27.638 +0530 IST,-50.84,316.15,-412,316.15,0,316.15,45.01,0,0,0,0,0,0,0,0,0,0,0,0,0
6b18b840-4f8a-3b07-903f-ef3901d24628,54bad470-c12e-45c5-8910-9559f03ea34b,7272b5b6-3a2e-4708-9935-659155cab9d8,trip fare adjust order,2024-08-06 14:28:29.224 +0530 IST,-3.61,-3.61,0,0,0,0,0,0,-3.61,0,0,0,0,0,0,0,0,0,0,0
49749aad-4749-3791-855b-1040f38898c4,47234e95-0d39-458e-bd76-616a05603baf,e832a587-43e8-4d01-bfbf-641c405c2a30,trip completed order,2024-08-06 14:55:57.444 +0530 IST,-58.27,191.73,-250,191.73,0,191.73,0,0,0,0,0,0,0,0,0,0,0,0,0,0
a8453b39-3c65-3f05-a2fa-b7a3fb67dfe2,47234e95-0d39-458e-bd76-616a05603baf,e832a587-43e8-4d01-bfbf-641c405c2a30,trip fare adjust order,2024-08-06 14:55:59.129 +0530 IST,-1.92,-1.92,0,0,0,0,0,0,-1.92,0,0,0,0,0,0,0,0,0,0,0
03baa0db-6851-36e1-b727-8a316acb4c17,100b888d-c025-49b3-814d-eb21f147c87c,a42cf970-d20d-434f-8812-36a2182ac63f,trip completed order,2024-08-06 15:21:06.912 +0530 IST,401.98,301.98,0,301.98,0,300.21,100,0,0,0,0,0,1.77,0,0,0,0,0,0,0
ff11c8e3-2c77-3e17-bc43-f444231fe11a,100b888d-c025-49b3-814d-eb21f147c87c,a42cf970-d20d-434f-8812-36a2182ac63f,trip fare adjust order,2024-08-06 15:21:08.933 +0530 IST,-4.02,-4.02,0,0,0,0,0,0,-4.02,0,0,0,0,0,0,0,0,0,0,0
8636d9f6-b0b7-3d88-a8e8-34f9510565b8,54bad470-c12e-45c5-8910-9559f03ea34b,4e69e895-5b08-4316-b7e7-0916e8cb06d1,trip completed order,2024-08-06 15:46:56.836 +0530 IST,407.25,307.25,0,307.25,0,307.25,100,0,0,0,0,0,0,0,0,0,0,0,0,0
44161219-f10d-3b74-8acf-59d991e451b8,54bad470-c12e-45c5-8910-9559f03ea34b,4e69e895-5b08-4316-b7e7-0916e8cb06d1,trip fare adjust order,2024-08-06 15:46:58.497 +0530 IST,-4.07,-4.07,0,0,0,0,0,0,-4.07,0,0,0,0,0,0,0,0,0,0,0
f11fc34e-7684-3143-8ba1-3fab647ff927,100b888d-c025-49b3-814d-eb21f147c87c,317c0397-fab9-45c6-a3c2-e49b11d26002,trip completed order,2024-08-06 15:58:00.949 +0530 IST,-16,152.19,-168.19,152.19,0,179.69,0,0,0,0,0,-27.5,0,0,0,0,0,0,0,0
08e7fc98-b9f5-32a3-b7c3-16955a8e5043,100b888d-c025-49b3-814d-eb21f147c87c,317c0397-fab9-45c6-a3c2-e49b11d26002,trip fare adjust order,2024-08-06 15:58:02.612 +0530 IST,-1.52,-1.52,0,0,0,0,0,0,-1.52,0,0,0,0,0,0,0,0,0,0,0
763a47d1-6997-30d7-b8ef-96c65ccb2280,100b888d-c025-49b3-814d-eb21f147c87c,6f6819c2-97d7-4b65-849d-2b48ae4ef20e,trip completed order,2024-08-06 17:48:00.268 +0530 IST,-58.43,151.57,-210,151.57,0,204.68,0,0,0,0,0,-53.11,0,0,0,0,0,0,0,0
2b522922-9da3-3a1d-b609-12353f6a26fc,100b888d-c025-49b3-814d-eb21f147c87c,6f6819c2-97d7-4b65-849d-2b48ae4ef20e,trip fare adjust order,2024-08-06 17:48:02.009 +0530 IST,-1.52,-1.52,0,0,0,0,0,0,-1.52,0,0,0,0,0,0,0,0,0,0,0
e70e2d92-09cc-3e4e-bd4c-712a29872f57,100b888d-c025-49b3-814d-eb21f147c87c,30616041-6c52-47fe-bde6-f2785793d4fe,trip fare adjust order,2024-08-06 17:49:03.669 +0530 IST,50,50,0,0,0,0,0,50,0,0,0,0,0,0,0,0,0,0,0,0
d2a66f60-0485-3171-b62d-f8d5ddbfddf9,100b888d-c025-49b3-814d-eb21f147c87c,638c8193-c5f0-48e9-be37-186cc7e8d815,trip completed order,2024-08-06 19:07:39.147 +0530 IST,196.2,196.2,0,196.2,0,443.59,0,0,0,0,0,-380.46,0,0,0,0,133.07,0,0,0
621b1ed1-86bf-3a84-91e2-8aaf9486dbd3,100b888d-c025-49b3-814d-eb21f147c87c,638c8193-c5f0-48e9-be37-186cc7e8d815,trip fare adjust order,2024-08-06 19:07:41.039 +0530 IST,-1.96,-1.96,0,0,0,0,0,0,-1.96,0,0,0,0,0,0,0,0,0,0,0
67bd6a70-af00-3077-8c8b-537f96353fad,100b888d-c025-49b3-814d-eb21f147c87c,eca80bcc-604d-4f03-9af6-1af0fecb6e78,trip completed order,2024-08-06 21:39:47.288 +0530 IST,787.59,742.58,0,742.58,0,709.24,45.01,0,0,0,33.34,0,0,0,0,0,0,0,0,0
4c6485ce-1d36-3bac-b53b-1a3e4109b750,100b888d-c025-49b3-814d-eb21f147c87c,eca80bcc-604d-4f03-9af6-1af0fecb6e78,trip fare adjust order,2024-08-06 21:39:49.24 +0530 IST,-7.88,-7.88,0,0,0,0,0,0,-7.88,0,0,0,0,0,0,0,0,0,0,0
07b3e30e-64cc-3820-9d0e-73ed354f95ad,100b888d-c025-49b3-814d-eb21f147c87c,aba0ccee-2466-4210-9e76-efa86237a3a9,trip completed order,2024-08-06 22:35:15.707 +0530 IST,-82.26,266.73,-394,266.73,0,266.73,45.01,0,0,0,0,0,0,0,0,0,0,0,0,0
26e3de0c-55ca-3a89-bff8-164e5b754315,100b888d-c025-49b3-814d-eb21f147c87c,aba0ccee-2466-4210-9e76-efa86237a3a9,trip fare adjust order,2024-08-06 22:35:17.395 +0530 IST,-3.12,-3.12,0,0,0,0,0,0,-3.12,0,0,0,0,0,0,0,0,0,0,0
db3c3e49-7e8f-3ce7-a90a-637bb4b0d7c6,54bad470-c12e-45c5-8910-9559f03ea34b,8becd827-1362-4b8d-9d90-7c394b5c9636,trip completed order,2024-08-06 22:52:29.652 +0530 IST,915.69,770.68,0,770.68,0,770.68,145.01,0,0,0,0,0,0,0,0,0,0,0,0,0
536f6e81-321a-3598-9f3b-625908990077,54bad470-c12e-45c5-8910-9559f03ea34b,8becd827-1362-4b8d-9d90-7c394b5c9636,trip fare adjust order,2024-08-06 22:52:31.856 +0530 IST,-9.16,-9.16,0,0,0,0,0,0,-9.16,0,0,0,0,0,0,0,0,0,0,0
dc11beef-9bea-32e3-b4cd-e0a6b8324ef2,54bad470-c12e-45c5-8910-9559f03ea34b,8becd827-1362-4b8d-9d90-7c394b5c9636,trip fare adjust order,2024-08-06 23:04:04.171 +0530 IST,-100,-100,0,-100,0,0,0,0,0,0,0,0,0,0,0,-100,0,0,0,0
84f46ba6-17cd-3d10-8e63-8a2bef5cf4a1,100b888d-c025-49b3-814d-eb21f147c87c,255718f4-8676-4c52-845c-8da98b000369,trip completed order,2024-08-06 23:54:06.284 +0530 IST,-54.35,150.65,-205,150.65,0,150.65,0,0,0,0,0,0,0,0,0,0,0,0,0,0
a9f4cf1a-1561-38fc-b5e8-7485b742b3f8,100b888d-c025-49b3-814d-eb21f147c87c,255718f4-8676-4c52-845c-8da98b000369,trip fare adjust order,2024-08-06 23:54:08.313 +0530 IST,-1.51,-1.51,0,0,0,0,0,0,-1.51,0,0,0,0,0,0,0,0,0,0,0
5fdef663-d9ef-38c4-a931-6a6ae051450c,47234e95-0d39-458e-bd76-616a05603baf,a68d442b-0228-4ee3-9de8-7f2c74564e32,trip completed order,2024-08-07 00:02:08.405 +0530 IST,556.72,356.72,0,356.72,0,356.72,200,0,0,0,0,0,0,0,0,0,0,0,0,0
791055c2-6cbb-3680-ac15-0952e9b3da76,47234e95-0d39-458e-bd76-616a05603baf,a68d442b-0228-4ee3-9de8-7f2c74564e32,trip fare adjust order,2024-08-07 00:02:10.163 +0530 IST,-5.57,-5.57,0,0,0,0,0,0,-5.57,0,0,0,0,0,0,0,0,0,0,0
f3845eb0-6d7d-3bc2-861c-82baa88d211e,54bad470-c12e-45c5-8910-9559f03ea34b,f4452760-8765-46e8-9f1f-2c12439f5a9e,trip completed order,2024-08-07 01:21:18.466 +0530 IST,257.85,257.85,0,257.85,0,257.85,0,0,0,0,0,0,0,0,0,0,0,0,0,0
3b418d7d-0f56-3c31-be75-dcfbeed0a401,54bad470-c12e-45c5-8910-9559f03ea34b,f4452760-8765-46e8-9f1f-2c12439f5a9e,trip fare adjust order,2024-08-07 01:21:20.422 +0530 IST,-2.58,-2.58,0,0,0,0,0,0,-2.58,0,0,0,0,0,0,0,0,0,0,0
0b2d79b7-f089-3536-a464-c1cac0e05542,47234e95-0d39-458e-bd76-616a05603baf,3eb93634-57d0-41fa-bc4f-e457f3b4395b,trip completed order,2024-08-07 13:20:02.146 +0530 IST,-106.72,384.3,-691,384.3,0,350.96,199.98,0,0,0,33.34,0,0,0,0,0,0,0,0,0
a14fe56e-8ea6-3279-adc7-bb56aa0f6b63,47234e95-0d39-458e-bd76-616a05603baf,3eb93634-57d0-41fa-bc4f-e457f3b4395b,trip fare adjust order,2024-08-07 13:20:03.857 +0530 IST,-5.84,-5.84,0,0,0,0,0,0,-5.84,0,0,0,0,0,0,0,0,0,0,0
abc9b4b8-2e8c-3574-903c-213983625063,ecd990ea-f209-4d3b-aa30-2774860ed903,98cf4b9c-a923-43ef-9bb3-7855b653d4f8,trip completed order,2024-08-07 13:34:58.13 +0530 IST,-93.99,281.01,-575,281.01,0,281.01,200,0,0,0,0,0,0,0,0,0,0,0,0,0
6d64a8d2-bd98-3351-9c3a-c7080c5da371,ecd990ea-f209-4d3b-aa30-2774860ed903,98cf4b9c-a923-43ef-9bb3-7855b653d4f8,trip fare adjust order,2024-08-07 13:34:59.808 +0530 IST,-4.81,-4.81,0,0,0,0,0,0,-4.81,0,0,0,0,0,0,0,0,0,0,0
bb2a0e6c-916c-3f90-bf75-726dde7034cc,47234e95-0d39-458e-bd76-616a05603baf,427e8a67-238b-4a42-b9d2-d9a9d277096a,trip completed order,2024-08-07 13:53:36.015 +0530 IST,142.86,142.86,0,142.86,0,133.34,0,0,0,9.52,0,0,0,0,0,0,0,0,0,0
e375729e-0170-3055-adf3-a7c868878af5,47234e95-0d39-458e-bd76-616a05603baf,427e8a67-238b-4a42-b9d2-d9a9d277096a,trip fare adjust order,2024-08-07 13:53:38.165 +0530 IST,-1.43,-1.43,0,0,0,0,0,0,-1.43,0,0,0,0,0,0,0,0,0,0,0
203878f8-695a-35f2-9092-bc338ebfd106,ecd990ea-f209-4d3b-aa30-2774860ed903,1f5441b7-82de-4406-bd30-a264a7db01b1,trip completed order,2024-08-07 14:10:34.358 +0530 IST,-25.45,176.55,-202,176.55,0,167.03,0,0,0,9.52,0,0,0,0,0,0,0,0,0,0
64e52d9a-044f-326f-b4d7-aefe79edbaaf,ecd990ea-f209-4d3b-aa30-2774860ed903,1f5441b7-82de-4406-bd30-a264a7db01b1,trip fare adjust order,2024-08-07 14:10:35.981 +0530 IST,-1.77,-1.77,0,0,0,0,0,0,-1.77,0,0,0,0,0,0,0,0,0,0,0
71749b14-2049-3ca5-8ebc-85a214a2bd1c,100b888d-c025-49b3-814d-eb21f147c87c,d56ee376-f3dd-40f9-9f63-dbf372e927d7,trip completed order,2024-08-07 14:48:53.792 +0530 IST,106.66,106.66,0,106.66,0,106.66,0,0,0,0,0,0,0,0,0,0,0,0,0,0
1211d3a5-6e49-3b32-b11d-4f273bdbb1b9,100b888d-c025-49b3-814d-eb21f147c87c,d56ee376-f3dd-40f9-9f63-dbf372e927d7,trip fare adjust order,2024-08-07 14:48:55.746 +0530 IST,-1.07,-1.07,0,0,0,0,0,0,-1.07,0,0,0,0,0,0,0,0,0,0,0
d6f0d264-48e5-3efd-bf2d-1f46c4de8c4f,100b888d-c025-49b3-814d-eb21f147c87c,3c420bf3-32a8-451e-a332-5ea05c8b5d55,trip completed order,2024-08-07 15:06:42.392 +0530 IST,95.24,95.24,0,95.24,0,95.24,0,0,0,0,0,0,0,0,0,0,0,0,0,0
25c8c327-6615-3da1-8197-663174a820bb,100b888d-c025-49b3-814d-eb21f147c87c,3c420bf3-32a8-451e-a332-5ea05c8b5d55,trip fare adjust order,2024-08-07 15:06:44.268 +0530 IST,-0.95,-0.95,0,0,0,0,0,0,-0.95,0,0,0,0,0,0,0,0,0,0,0
4387ed07-e792-313f-940d-cf4a7a3384a3,100b888d-c025-49b3-814d-eb21f147c87c,18ddaeb9-4300-4397-8734-a052bc1be9bf,trip completed order,2024-08-07 15:45:19.148 +0530 IST,-38.14,181.86,-220,181.86,0,181.86,0,0,0,0,0,0,0,0,0,0,0,0,0,0
148a5ad1-3b32-30ec-af7d-ad0b97d7f324,100b888d-c025-49b3-814d-eb21f147c87c,18ddaeb9-4300-4397-8734-a052bc1be9bf,trip fare adjust order,2024-08-07 15:45:20.811 +0530 IST,-1.82,-1.82,0,0,0,0,0,0,-1.82,0,0,0,0,0,0,0,0,0,0,0
c2235179-6cda-35e9-8a8c-11053a46194b,ecd990ea-f209-4d3b-aa30-2774860ed903,3d8c863d-9e7e-4bb7-bebc-683e22da508e,trip completed order,2024-08-07 15:49:56.253 +0530 IST,402.13,302.13,0,302.13,0,285.71,100,0,0,14.28,0,0,2.14,0,0,0,0,0,0,0
2b0315e0-c782-323e-8648-711a7983c4a8,ecd990ea-f209-4d3b-aa30-2774860ed903,3d8c863d-9e7e-4bb7-bebc-683e22da508e,trip fare adjust order,2024-08-07 15:49:58.302 +0530 IST,-4.02,-4.02,0,0,0,0,0,0,-4.02,0,0,0,0,0,0,0,0,0,0,0
b67d2ed4-8304-320d-9cda-19750f7a50aa,ecd990ea-f209-4d3b-aa30-2774860ed903,ac00db24-276f-4385-adbe-03d562c8a4ac,trip completed order,2024-08-07 17:06:50.14 +0530 IST,459.79,459.79,0,459.79,0,521.72,0,0,0,0,0,-68.31,6.38,0,0,0,0,0,0,0
520c2c68-8951-37f8-8319-312b165f0699,ecd990ea-f209-4d3b-aa30-2774860ed903,ac00db24-276f-4385-adbe-03d562c8a4ac,trip fare adjust order,2024-08-07 17:06:51.992 +0530 IST,-4.6,-4.6,0,0,0,0,0,0,-4.6,0,0,0,0,0,0,0,0,0,0,0
c4159d87-b1c4-38b7-8081-d23b37bef874,ecd990ea-f209-4d3b-aa30-2774860ed903,16d74f18-350a-4f0e-9d5d-94cddc418bfa,trip completed order,2024-08-07 18:32:06.619 +0530 IST,399.29,354.28,0,354.28,0,320.94,45.01,0,0,0,33.34,0,0,0,0,0,0,0,0,0
f315ffc9-17d1-379d-8441-f7a4d2a84a73,ecd990ea-f209-4d3b-aa30-2774860ed903,16d74f18-350a-4f0e-9d5d-94cddc418bfa,trip fare adjust order,2024-08-07 18:32:08.324 +0530 IST,-3.99,-3.99,0,0,0,0,0,0,-3.99,0,0,0,0,0,0,0,0,0,0,0
2d61327b-116f-3305-8550-7c1991944e36,47234e95-0d39-458e-bd76-616a05603baf,07e3afc6-4d54-4ab1-ab5a-41ba2aac97f5,trip completed order,2024-08-07 18:59:25.595 +0530 IST,17.63,252.63,-235,252.63,0,252.63,0,0,0,0,0,0,0,0,0,0,0,0,0,0
5fd494b9-dda4-375c-a908-083a08846976,47234e95-0d39-458e-bd76-616a05603baf,07e3afc6-4d54-4ab1-ab5a-41ba2aac97f5,trip fare adjust order,2024-08-07 18:59:27.275 +0530 IST,-2.53,-2.53,0,0,0,0,0,0,-2.53,0,0,0,0,0,0,0,0,0,0,0
b5b82379-cf2a-3122-8cf9-2b382ed9d271,100b888d-c025-49b3-814d-eb21f147c87c,7a1dce87-2cce-4268-ac53-ac60bb98f53e,trip completed order,2024-08-07 19:40:32.414 +0530 IST,17.06,611.05,-639,611.05,0,611.05,45.01,0,0,0,0,0,0,0,0,0,0,0,0,0
f379d4dc-6c84-3c96-ba79-8a0b312f6908,100b888d-c025-49b3-814d-eb21f147c87c,7a1dce87-2cce-4268-ac53-ac60bb98f53e,trip fare adjust order,2024-08-07 19:40:34.152 +0530 IST,-6.56,-6.56,0,0,0,0,0,0,-6.56,0,0,0,0,0,0,0,0,0,0,0
f1724ccf-c8ad-3016-b874-bd9b98d7be85,ecd990ea-f209-4d3b-aa30-2774860ed903,824974b9-b2ec-4f70-8dae-38430f63dccb,trip completed order,2024-08-07 20:28:00.982 +0530 IST,554.44,509.43,0,509.43,0,476.09,45.01,0,0,0,33.34,0,0,0,0,0,0,0,0,0
ede68ff1-9ac1-36db-962c-ced34a0e4dc4,ecd990ea-f209-4d3b-aa30-2774860ed903,824974b9-b2ec-4f70-8dae-38430f63dccb,trip fare adjust order,2024-08-07 20:28:02.759 +0530 IST,-5.54,-5.54,0,0,0,0,0,0,-5.54,0,0,0,0,0,0,0,0,0,0,0
671881f1-0f65-3b34-941c-e53e094de238,100b888d-c025-49b3-814d-eb21f147c87c,36174b77-408b-4c9b-beb1-0077d16c8128,trip completed order,2024-08-07 20:42:31.477 +0530 IST,697.21,597.21,0,597.21,0,597.21,100,0,0,0,0,0,0,0,0,0,0,0,0,0
89b82531-52f4-34fa-8b87-9fd3f1210897,100b888d-c025-49b3-814d-eb21f147c87c,36174b77-408b-4c9b-beb1-0077d16c8128,trip fare adjust order,2024-08-07 20:42:33.141 +0530 IST,-6.97,-6.97,0,0,0,0,0,0,-6.97,0,0,0,0,0,0,0,0,0,0,0
b8117273-f05e-3cff-af1d-e9aaf458a0a0,100b888d-c025-49b3-814d-eb21f147c87c,9f598db0-21c0-4bd3-ac7e-eeaa697cee2f,trip completed order,2024-08-07 21:09:59.994 +0530 IST,-37.43,151.57,-189,151.57,0,172.94,0,0,0,0,0,-21.37,0,0,0,0,0,0,0,0
0dc21685-7c71-3d87-a549-5a109512e044,100b888d-c025-49b3-814d-eb21f147c87c,9f598db0-21c0-4bd3-ac7e-eeaa697cee2f,trip fare adjust order,2024-08-07 21:10:01.652 +0530 IST,-1.52,-1.52,0,0,0,0,0,0,-1.52,0,0,0,0,0,0,0,0,0,0,0
5eb5e1b2-aa15-368a-bc11-9f11cb73d7c8,ecd990ea-f209-4d3b-aa30-2774860ed903,21b67fde-0891-4b01-8b2e-b8ab4b04b20a,trip completed order,2024-08-07 21:15:12.798 +0530 IST,151.57,151.57,0,151.57,0,168.7,0,0,0,0,0,-17.13,0,0,0,0,0,0,0,0
f63a96a8-cfd4-3541-903a-7a34950139b3,ecd990ea-f209-4d3b-aa30-2774860ed903,21b67fde-0891-4b01-8b2e-b8ab4b04b20a,trip fare adjust order,2024-08-07 21:15:14.7 +0530 IST,-1.52,-1.52,0,0,0,0,0,0,-1.52,0,0,0,0,0,0,0,0,0,0,0
a567406a-26b7-317d-98c3-bd1ea1ed1a10,100b888d-c025-49b3-814d-eb21f147c87c,a403e7e2-99bc-49fc-84b0-0795dcaa1fee,trip completed order,2024-08-07 22:06:45.373 +0530 IST,21.28,561.28,-790,561.28,0,561.28,250,0,0,0,0,0,0,0,0,0,0,0,0,0
fcba0c83-2f27-30b5-9305-af0dc4f519c7,100b888d-c025-49b3-814d-eb21f147c87c,a403e7e2-99bc-49fc-84b0-0795dcaa1fee,trip fare adjust order,2024-08-07 22:06:46.932 +0530 IST,-8.11,-8.11,0,0,0,0,0,0,-8.11,0,0,0,0,0,0,0,0,0,0,0
db299ff9-f74d-3e99-a283-be430d92e054,ecd990ea-f209-4d3b-aa30-2774860ed903,b4ef3116-3905-442e-bfdd-98c6863e1df5,trip completed order,2024-08-07 22:34:59.955 +0530 IST,251.79,251.79,0,251.79,0,251.79,0,0,0,0,0,0,0,0,0,0,0,0,0,0
9244448c-8100-3315-b022-a1e49ab98885,ecd990ea-f209-4d3b-aa30-2774860ed903,b4ef3116-3905-442e-bfdd-98c6863e1df5,trip fare adjust order,2024-08-07 22:35:01.781 +0530 IST,-2.52,-2.52,0,0,0,0,0,0,-2.52,0,0,0,0,0,0,0,0,0,0,0
0d3545e9-c54b-3504-ab85-1d4c41ddd40d,100b888d-c025-49b3-814d-eb21f147c87c,78269b0a-2e66-45f6-b1e5-ea2c024f5f03,trip completed order,2024-08-07 23:05:20.46 +0530 IST,-54.25,133.75,-188,133.75,0,110.66,0,0,0,0,0,0,23.09,0,0,0,0,0,0,0
39b4e551-ca74-33de-8ea1-e9ff0d1cf536,100b888d-c025-49b3-814d-eb21f147c87c,78269b0a-2e66-45f6-b1e5-ea2c024f5f03,trip fare adjust order,2024-08-07 23:05:22.078 +0530 IST,-1.34,-1.34,0,0,0,0,0,0,-1.34,0,0,0,0,0,0,0,0,0,0,0
daa75817-b93a-3cd4-8f6e-1d1c09b0d631,100b888d-c025-49b3-814d-eb21f147c87c,33dc176e-36bd-4920-81b1-27ffdcbf9487,trip completed order,2024-08-07 23:22:45.15 +0530 IST,-47.66,133.34,-181,133.34,0,133.34,0,0,0,0,0,0,0,0,0,0,0,0,0,0
d8327629-6800-3ca4-93e1-89f8acfebd5d,100b888d-c025-49b3-814d-eb21f147c87c,33dc176e-36bd-4920-81b1-27ffdcbf9487,trip fare adjust order,2024-08-07 23:22:46.761 +0530 IST,-1.33,-1.33,0,0,0,0,0,0,-1.33,0,0,0,0,0,0,0,0,0,0,0